Wavelength (nm),ecoli
177.811,0.00029902
178.065,-0.002496533333
178.318,-0.00347876
178.572,-0.001081
178.826,-0.0001232466667
179.079,-0.001785506667
179.333,-0.002961113333
179.587,-0.001236726667
179.84,-0.000005686666667
180.094,-0.00196132
180.347,-0.002483633333
180.601,-0.00033262
180.855,0.0002050466667
181.108,-0.003190633333
181.362,-0.002812986667
181.616,0.00005132
181.869,0.001288946667
182.123,-0.001306766667
182.377,-0.00104916
182.63,-0.00033156
182.884,-0.00034064
183.137,-0.001509726667
183.391,-0.002812153333
183.645,-0.00086126
183.898,-0.00019704
184.152,-0.002499493333
184.406,-0.004095293333
184.659,-0.0011111
184.913,0.00070642
185.167,0.0007572666667
185.42,-0.0024519
185.674,-0.00142774
185.928,0.00028308
186.181,-0.001959446667
186.435,-0.002575306667
186.688,-0.0009645133333
186.942,0.00007294
187.196,0.00080372
187.449,-0.001825506667
187.703,-0.001141406667
187.957,-0.0001506533333
188.21,-0.0002332333333
188.464,-0.001335826667
188.718,0.00050824
188.971,0.00174564
189.225,0.0007496933333
189.479,-0.00005292666667
189.732,0.0002177866667
189.986,0.0003684866667
190.239,-0.001627486667
190.493,-0.003996793333
190.747,-0.001579446667
191,0.0007845666667
191.254,-0.002411433333
191.508,-0.004280766667
191.761,-0.00062344
192.015,0.0009472133333
192.269,-0.00286214
192.522,-0.002184833333
192.776,-0.0003075333333
193.03,-0.00007023333333
193.283,-0.002439606667
193.537,-0.001475653333
193.79,0.00109496
194.044,0.0008589
194.298,-0.002283826667
194.551,-0.00098656
194.805,0.0009173666667
195.059,0.00110796
195.312,-0.00005478666667
195.566,-0.001690873333
195.82,-0.0001603
196.073,0.0006836066667
196.327,-0.001185826667
196.581,-0.00327526
196.834,-0.0002913666667
197.088,0.00059252
197.341,-0.002836926667
197.595,-0.002893046667
197.849,-0.0006625
198.102,-0.0001252933333
198.356,0.00065858
198.61,-0.0009375533333
198.863,-0.0008936933333
199.117,0.0004568333333
199.371,-0.0002859733333
199.624,-0.003888786667
199.878,-0.001491606667
200.132,0.00116558
200.385,-0.00039058
200.639,-0.0028734
200.892,-0.0007429
201.146,0.0005076066667
201.4,-0.0009618933333
201.653,-0.00313806
201.907,-0.0008409
202.161,0.001122926667
202.414,-0.001413246667
202.668,-0.002396093333
202.922,-0.00059894
203.175,0.0004382133333
203.429,-0.00052464
203.683,-0.003880826667
203.936,-0.001537013333
204.19,0.00069346
204.443,-0.00299606
204.697,-0.00319892
204.951,-0.00052178
205.204,0.001115353333
205.458,-0.001234173333
205.712,-0.00315704
205.965,-0.0006199066667
206.219,0.00095056
206.473,-0.001932306667
206.726,-0.005188513333
206.98,-0.002124713333
207.233,0.00093908
207.487,-0.00039046
207.741,-0.00172
207.994,-0.00134954
208.248,-0.0005324133333
208.502,-0.001821953333
208.755,-0.0030115
209.009,-0.001427706667
209.263,0.0003227466667
209.516,-0.002080126667
209.77,-0.005289673333
210.024,-0.001792546667
210.277,0.00071124
210.531,-0.0010183
210.784,-0.002187846667
211.038,-0.0009573866667
211.292,0.0000464
211.545,-0.004176473333
211.799,-0.00312602
212.053,-0.0001622266667
212.306,0.0004615666667
212.56,-0.00113464
212.814,-0.0005441866667
213.067,0.00049294
213.321,0.0004034
213.575,-0.002452806667
213.828,-0.00434234
214.082,-0.001798546667
214.335,0.0001252466667
214.589,-0.003110953333
214.843,-0.004880486667
215.096,-0.001403353333
215.35,0.0008471133333
215.604,0.00037758
215.857,-0.002718613333
216.111,-0.0007348133333
216.365,0.0009089933333
216.618,-0.001593866667
216.872,-0.003016726667
217.126,-0.00041958
217.379,0.001430893333
217.633,0.00007470666667
217.886,-0.004568146667
218.14,-0.002444326667
218.394,0.0001194866667
218.647,-0.00236336
218.901,-0.0021462
219.155,-0.0003890466667
219.408,-0.00008522
219.662,-0.00006806
219.916,-0.0021709
220.169,-0.001073733333
220.423,0.0007701
220.677,-0.0001260666667
220.93,-0.001955566667
221.184,-0.0002583933333
221.437,0.0008254466667
221.691,-0.002570706667
221.945,-0.004020193333
222.198,-0.001323013333
222.452,0.001354173333
222.706,0.00051136
222.959,-0.001691453333
223.213,-0.00008759333333
223.467,0.001276266667
223.72,0.0000001333333333
223.974,-0.002516
224.228,-0.001245466667
224.481,0.00008507333333
224.735,-0.00165772
224.988,-0.002713846667
225.242,-0.0006166333333
225.496,0.0006405866667
225.749,-0.0005155266667
226.003,-0.00187164
226.257,-0.00008774666667
226.51,0.00132948
226.764,-0.001013286667
227.018,-0.001496053333
227.271,0.0001145133333
227.525,0.00019176
227.779,-0.0009776666667
228.032,-0.00390042
228.286,-0.001423166667
228.539,0.0004007533333
228.793,-0.001621993333
229.047,-0.001664733333
229.3,-0.0001874666667
229.554,0.0001898
229.808,-0.0029396
230.061,-0.00305566
230.315,-0.001305046667
230.569,0.0000589
230.822,-0.002063813333
231.076,-0.003933193333
231.33,-0.0009359
231.583,0.00006139333333
231.837,-0.001821306667
232.09,-0.006190673333
232.344,-0.002440033333
232.598,0.00098394
232.851,-0.00083208
233.105,-0.004388093333
233.359,-0.001244106667
233.612,0.00053322
233.866,-0.001929453333
234.12,-0.004778786667
234.373,-0.001041446667
234.627,0.00002922666667
234.88,-0.003573433333
235.134,-0.00347608
235.388,-0.0004520666667
235.641,0.00123196
235.895,0.00000932
236.149,-0.003053313333
236.402,-0.0006159466667
236.656,0.001221426667
236.91,-0.003394533333
237.163,-0.00585048
237.417,-0.002199766667
237.671,0.0007042933333
237.924,-0.0006583133333
238.178,-0.002207586667
238.431,-0.0004435133333
238.685,0.0003205533333
238.939,-0.0001620333333
239.192,-0.002991286667
239.446,-0.001133866667
239.7,0.001016893333
239.953,-0.0006523466667
240.207,-0.001008253333
240.461,0.00014252
240.714,0.0007132933333
240.968,-0.004535926667
241.222,-0.001785146667
241.475,0.00104564
241.729,0.0007564333333
241.982,-0.002906106667
242.236,-0.003428633333
242.49,-0.0009711666667
242.743,0.0002996466667
242.997,-0.0005762066667
243.251,-0.002925386667
243.504,-0.0005679
243.758,0.00045626
244.012,-0.001492906667
244.265,-0.002795406667
244.519,-0.0008112266667
244.773,0.00057962
245.026,-0.0007095333333
245.28,-0.002852013333
245.533,-0.001501153333
245.787,0.0004230466667
246.041,-0.001432753333
246.294,-0.00234188
246.548,-0.0009643333333
246.802,-0.0002201133333
247.055,-0.00206256
247.309,0.00004166
247.563,0.00111256
247.816,0.0009901266667
248.07,-0.001438966667
248.324,-0.002921386667
248.577,-0.00089714
248.831,0.00061378
249.084,0.00006470666667
249.338,-0.001431026667
249.592,-0.00040676
249.845,0.0002308466667
250.099,-0.001871546667
250.353,-0.003933926667
250.606,-0.001356306667
250.86,0.00108132
251.114,-0.001121053333
251.367,-0.002610086667
251.621,-0.0009724466667
251.875,-0.0003414666667
252.128,-0.00188382
252.382,-0.0022995
252.635,-0.0008551733333
252.889,0.0004158266667
253.143,-0.0003331733333
253.396,-0.002668833333
253.65,-0.00103782
253.904,0.0003265266667
254.159,-0.0009357866667
254.413,-0.004398093333
254.667,-0.00148706
254.922,0.00081064
255.176,-0.00003165333333
255.431,-0.00019394
255.685,0.0002771133333
255.939,0.001034833333
256.194,-0.00356744
256.448,-0.004696373333
256.702,-0.0009253066667
256.957,-0.0002142333333
257.211,-0.001796486667
257.465,-0.002432066667
257.72,-0.001267646667
257.974,-0.00052988
258.228,-0.00285212
258.483,-0.003261013333
258.737,-0.0007899066667
258.992,0.0009212066667
259.246,0.0004789933333
259.5,-0.002703213333
259.755,-0.0009720866667
260.009,-0.00002762
260.263,-0.002156486667
260.518,-0.001452006667
260.772,-0.00010086
261.026,0.0004902933333
261.281,-0.001905213333
261.535,-0.00252072
261.789,-0.0009295533333
262.044,0.00003495333333
262.298,-0.001327206667
262.553,-0.002049353333
262.807,0.0001885
263.061,0.0008996866667
263.316,-0.00219578
263.57,-0.00230458
263.824,0.0002732933333
264.079,0.0009645
264.333,-0.00224428
264.587,-0.00545306
264.842,-0.002215166667
265.096,-0.0001972733333
265.351,0.0004606266667
265.605,-0.004221466667
265.859,-0.001776886667
266.114,0.0009477
266.368,-0.0006610466667
266.622,-0.0002097866667
266.877,0.00004814
267.131,-0.00008058666667
267.385,-0.001809313333
267.64,-0.002924706667
267.894,-0.00065342
268.148,0.0007978666667
268.403,-0.00059084
268.657,-0.00497954
268.912,-0.002101573333
269.166,0.0001497333333
269.42,-0.003052286667
269.675,-0.002440973333
269.929,0.00011702
270.183,0.0003150133333
270.438,-0.00537366
270.692,-0.002795653333
270.946,-0.0001443133333
271.201,-0.00067964
271.455,-0.00226162
271.709,-0.003516933333
271.964,-0.0007989066667
272.218,0.0006057933333
272.473,-0.00134284
272.727,-0.0021048
272.981,-0.0007667533333
273.236,0.0005112933333
273.49,0.0006826866667
273.744,-0.001345926667
273.999,0.00009214
274.253,0.0006302066667
274.507,-0.001525053333
274.762,-0.003506973333
275.016,-0.001062226667
275.271,0.0002491933333
275.525,-0.00033938
275.779,-0.00162128
276.034,-0.0007765133333
276.288,0.00008159333333
276.542,-0.003713633333
276.797,-0.003882186667
277.051,-0.0008774
277.305,0.0002007266667
277.56,-0.00151448
277.814,-0.001556346667
278.068,-0.0007182066667
278.323,-0.0007200666667
278.577,-0.004248586667
278.832,-0.0039571
279.086,-0.001005613333
279.34,0.00070588
279.595,-0.00290262
279.849,-0.00347778
280.103,-0.0003462733333
280.358,0.00062524
280.612,-0.001443246667
280.866,-0.001471726667
281.121,0.0003331333333
281.375,0.0002046666667
281.629,-0.003517133333
281.884,-0.005418926667
282.138,-0.00184072
282.393,-0.00002916666667
282.647,-0.00199762
282.901,-0.002939393333
283.156,-0.001541166667
283.41,-0.0003562666667
283.664,-0.003411366667
283.919,-0.005619786667
284.173,-0.00240154
284.427,-0.00022996
284.682,-0.002098373333
284.936,-0.003000113333
285.191,-0.0006351866667
285.445,0.0005830866667
285.699,-0.00119198
285.954,-0.005600366667
286.208,-0.00237542
286.462,0.0006228666667
286.717,-0.00307218
286.971,-0.00548722
287.225,-0.00168892
287.48,0.00068938
287.734,-0.002105646667
287.988,-0.002960666667
288.243,-0.0006956866667
288.497,-0.000004033333333
288.752,-0.00245238
289.006,-0.001834053333
289.26,-0.00011572
289.515,-0.00001071333333
289.769,-0.002205706667
290.023,-0.002447366667
290.278,-0.001089013333
290.532,0.0005426733333
290.786,-0.0007723066667
291.041,-0.002027273333
291.295,-0.0007689133333
291.549,-0.00083054
291.804,-0.002232166667
292.058,-0.004493786667
292.313,-0.002222073333
292.567,-0.0005036866667
292.821,-0.00327196
293.076,-0.004113566667
293.33,-0.001541833333
293.584,-0.0001301
293.839,-0.00001836
294.093,-0.004319946667
294.347,-0.0021482
294.602,0.0002368866667
294.856,0.00050864
295.111,-0.001306266667
295.365,-0.0005678333333
295.619,-0.0001027333333
295.874,-0.00389096
296.128,-0.002692513333
296.382,-0.0005874
296.637,0.0003577133333
296.891,-0.001730493333
297.145,-0.003918706667
297.4,-0.00146024
297.654,0.0002448933333
297.908,-0.0007233
298.163,-0.003471493333
298.417,-0.00137968
298.672,0.0802188
298.926,0.1382639533
299.18,0.47699578
299.435,1.43972094
299.689,1.760712767
299.943,3.479551273
300.198,5.418023113
300.452,8.439268287
300.706,10.65966013
300.961,10.07745865
301.215,12.65594384
301.469,12.7584557
301.724,14.35979423
301.978,14.43771276
302.233,18.57504463
302.487,21.53808317
302.741,22.99953505
302.996,24.21731359
303.25,26.13614548
303.504,27.89845737
303.759,29.73953593
304.013,30.21848783
304.267,32.65737973
304.522,35.05875829
304.776,36.66039687
305.031,39.15812211
305.285,41.35528069
305.539,42.47747928
305.794,45.81885787
306.048,47.91781646
306.302,48.57728839
306.557,49.79807365
306.811,52.71841226
307.065,55.7780042
307.32,58.31784948
307.574,61.33817476
307.828,63.77813337
308.083,64.89696533
308.337,67.53515729
308.592,68.69652925
308.846,71.71806121
309.1,74.69770652
309.355,75.75629182
309.609,79.31689047
309.863,79.79883578
310.118,82.71616109
310.372,87.79499308
310.626,95.07583174
310.881,93.9959104
311.135,96.39272239
311.389,99.23290773
311.644,102.3361731
311.898,103.9162584
312.153,107.5106704
312.407,111.3713758
312.661,112.2950411
312.916,116.0964598
313.17,119.8355052
313.429,123.3320305
313.688,125.3337826
313.947,127.2156479
314.206,129.6128333
314.465,132.2334187
314.724,135.3545507
314.983,142.5127361
315.242,143.2925148
315.501,145.3920869
315.76,148.7326656
316.019,155.5126843
316.278,159.9108897
316.536,159.5096684
316.795,163.1913205
317.054,167.1091526
317.313,169.989158
317.572,174.5284701
317.831,178.5700822
318.09,184.9300009
318.349,188.865773
318.608,188.5060984
318.867,192.5277039
319.126,197.5284693
319.385,202.7873347
319.644,207.0050468
319.903,209.7273456
320.162,212.3292711
320.421,219.3868032
320.68,225.8834486
320.939,223.7063874
321.198,226.8666262
321.457,230.1637983
321.716,236.2002705
321.975,240.0823959
322.234,246.0238948
322.493,247.1393736
322.752,252.0375657
323.01,259.0807578
323.269,265.96275
323.528,266.4216888
323.787,265.8638676
324.046,270.6433331
324.305,279.9621053
324.564,281.2204241
324.823,280.680403
325.082,289.6005618
325.341,295.059554
325.6,297.5180328
325.859,301.917525
326.118,302.6582972
326.377,309.337656
326.636,313.1354349
326.895,318.7140738
327.154,322.2777793
327.413,326.3387181
327.672,331.0730237
327.931,336.0502559
328.19,343.9728148
328.449,348.1543936
328.708,348.3510458
328.967,354.8101381
329.226,359.3310303
329.485,361.5504292
329.743,363.8091147
330.002,365.268407
330.261,370.8104659
330.52,374.6907248
330.779,382.668717
331.038,388.9687559
331.297,392.1901481
331.556,390.6101804
331.815,395.388966
332.074,400.4425049
332.333,402.9654705
332.592,409.427296
332.851,412.245075
333.11,417.4232139
333.369,424.5263462
333.628,422.8849851
333.887,427.463104
334.146,434.159403
334.405,438.4815952
334.664,437.2833209
334.923,442.3195398
335.182,445.0394188
335.441,450.6414577
335.7,459.3208633
335.959,461.4792556
336.217,462.4965346
336.476,469.7787335
336.735,474.0986258
336.994,473.6770115
337.253,481.8377304
337.512,482.4183361
337.771,484.3968417
338.03,488.3930807
338.289,493.7343397
338.548,498.5569387
338.807,500.5164377
339.066,503.6969033
339.325,508.0714223
339.584,513.6737346
339.843,510.3953336
340.102,513.1558526
340.361,521.050845
340.62,525.8521706
340.879,527.052803
341.138,524.9523286
341.397,526.052761
341.656,531.1926467
341.915,536.870999
342.174,541.352818
342.433,545.1682771
342.691,544.3897894
342.95,548.6920551
343.209,550.1696341
343.468,556.2678265
343.727,553.5093255
343.986,558.8705579
344.245,562.5270036
344.504,567.1251427
344.763,567.4890284
345.022,570.7503941
345.281,571.5886598
345.54,567.8273655
345.799,570.8885712
346.058,575.847417
346.317,577.6256027
346.576,578.3071284
346.835,577.5893541
347.094,582.5888065
347.353,587.6673923
347.612,594.423818
347.871,595.9049571
348.13,597.8863695
348.389,598.6250019
348.648,596.8040943
348.907,596.2668934
349.166,598.0072591
349.424,602.8075049
349.683,600.8661173
349.942,603.2665231
350.201,599.6673488
350.46,604.7263213
350.719,606.3455937
350.978,602.9859861
351.237,604.9073986
351.496,609.665371
351.755,612.5229634
352.014,612.8258159
352.273,614.506155
352.532,610.7036675
352.791,612.9431399
353.05,615.5065924
353.309,613.6069981
353.568,613.9056906
353.827,616.9836364
354.086,617.0440955
354.345,617.885568
354.604,618.0628138
354.863,617.7792529
355.122,620.8237387
355.381,623.0448378
355.64,626.382277
355.898,622.6386561
356.157,619.6243953
356.416,619.8044878
356.675,619.0061602
356.934,619.9022994
357.193,621.3646852
357.452,620.745291
357.711,619.8810569
357.97,620.503316
358.229,616.9054485
358.488,610.8879277
358.747,612.4073135
359.006,614.482786
359.265,614.9261318
359.524,614.0079243
359.783,612.7293235
360.042,612.1054894
360.301,611.9667619
360.56,614.1666544
360.819,614.5674602
361.078,610.3660394
361.337,608.4671586
361.596,605.0678778
361.855,602.3858036
362.114,603.4444628
362.372,601.4495487
362.631,603.3688612
362.89,601.9680938
363.149,605.284733
363.408,601.9890922
363.667,596.3899047
363.926,596.1094106
364.185,598.0483431
364.444,600.2908423
364.703,593.5486882
364.962,595.9642874
365.221,598.0247533
365.48,595.6084992
365.739,592.6084717
365.999,592.8487576
366.258,589.1898635
366.518,591.9912761
366.777,591.9492553
367.037,596.0265012
367.296,585.4280804
367.556,591.649913
367.815,592.8897122
368.075,591.0506315
368.334,585.9088574
368.594,581.5509966
368.853,585.7533158
369.113,584.7291284
369.372,588.1092943
369.632,589.2312469
369.891,585.6934595
370.15,584.5317121
370.41,587.0894647
370.669,586.6726639
370.929,584.4726498
371.188,579.8312024
371.448,582.445735
371.707,579.7909876
371.967,580.8141336
372.226,585.6276795
372.486,581.7052854
372.745,578.4101447
373.005,579.9535706
373.264,581.8921499
373.524,580.4334225
373.783,581.2720285
374.043,579.4920277
374.302,576.2327803
374.561,573.1343596
374.821,574.6948056
375.08,570.9523782
375.34,572.3510442
375.599,571.7299701
375.859,566.7144427
376.118,566.7362154
376.378,566.0933013
376.637,564.7311473
376.897,560.5950599
377.156,564.9170259
377.416,564.1972185
377.675,566.0554845
377.935,562.8955504
378.194,563.1356631
378.454,563.6335557
378.713,557.213115
378.972,554.7155143
379.232,558.0369603
379.491,556.8366196
379.751,556.655719
380.01,551.3374849
380.27,548.1582509
380.529,557.2550769
380.789,551.8149429
381.048,550.4582822
381.308,551.5193149
381.567,549.7376675
381.827,544.2188269
382.086,546.5008662
382.346,548.8809455
382.605,547.7183449
382.865,544.6566175
383.124,542.4583635
383.383,541.5973829
383.643,541.2792022
383.902,537.2160482
384.162,535.1402942
384.421,538.7186402
384.681,536.6982529
384.94,534.5369923
385.2,534.7991983
385.459,533.6225176
385.719,531.8019037
385.978,527.6817763
386.238,528.2018757
386.497,526.4233284
386.757,528.1806744
387.016,523.1768738
387.276,524.6995931
387.535,528.3999192
387.794,524.2797985
388.054,525.0191846
388.313,523.3030306
388.573,522.2831233
388.832,521.1415827
389.092,519.8611887
389.351,520.2233614
389.611,527.0421341
389.87,523.0203268
390.13,518.0193395
390.389,515.5037123
390.649,511.1662183
390.908,511.5816977
391.168,508.7794171
391.427,503.5421898
391.686,507.3040425
391.946,509.3638286
392.205,508.1437746
392.465,505.525854
392.724,505.8846734
392.984,506.9215795
393.243,504.1415789
393.503,501.0257916
393.762,503.4463776
394.022,498.067777
394.281,496.7304498
394.541,499.3282292
394.8,499.1672219
395.06,494.945888
395.319,495.4067007
395.579,491.7689935
395.838,495.3278062
396.097,489.904199
396.357,486.326485
396.616,491.4081711
396.876,486.0892239
397.135,487.0904566
397.395,485.586616
397.654,489.4056288
397.914,485.6476815
398.173,482.0860076
398.433,480.1071337
398.692,478.3092798
398.952,476.9517059
399.211,476.268912
399.471,474.1899047
399.73,473.5307775
399.99,478.3308769
400.249,473.3913097
400.508,470.0507558
400.768,475.5115619
401.027,474.4305213
401.287,472.3690341
401.546,471.4868069
401.806,469.8486597
402.065,472.3512591
402.325,471.6676652
402.584,471.9260713
402.844,469.9104174
403.103,467.3294902
403.363,468.532603
403.622,464.2898758
403.882,465.9309886
404.141,470.929868
404.401,468.5699741
404.66,464.8498202
404.926,461.6917664
405.193,461.8335725
405.459,459.3323386
405.726,457.2104781
405.992,461.3924775
406.259,462.3136637
406.525,457.8907631
406.792,468.2468026
407.058,464.2717221
407.325,459.9138349
407.591,459.2739277
407.858,459.8910071
408.124,458.9934199
408.391,453.3747261
408.657,452.2916855
408.924,453.892365
409.19,454.8328511
409.457,458.434284
409.723,458.4134768
409.99,454.8108562
410.256,453.8548024
410.523,456.1956019
410.789,455.3937347
411.056,454.8125675
411.322,456.2951937
411.589,457.3348598
411.855,456.3916126
412.122,455.9721721
412.388,451.8748983
412.655,450.1358244
412.921,453.4947906
413.188,454.7715101
413.454,452.2547162
413.721,454.5552824
413.987,453.2180752
414.254,442.8178347
414.52,445.6371742
414.787,452.0745404
415.053,449.2310865
415.32,450.1695394
415.586,449.7548989
415.853,451.3161384
416.119,451.9940579
416.386,448.1545507
416.652,446.2558369
416.919,443.8172831
417.185,441.3333626
417.452,444.3306821
417.718,439.5158416
417.985,441.1568678
418.251,442.9363406
418.518,442.7162735
418.784,439.517273
419.051,434.0980192
419.317,435.2566654
419.584,437.3519982
419.85,438.5559511
420.117,442.0381039
420.383,437.8392834
420.65,434.0965163
420.916,435.2375825
421.183,434.516982
421.449,433.8748482
421.716,431.1159811
421.982,432.7377939
422.249,431.1763535
422.515,432.215653
422.782,432.4359259
423.048,430.0954121
423.315,427.2763516
423.581,427.3720911
423.848,428.0911107
424.114,426.3959035
424.381,429.6962164
424.647,428.7138559
424.914,424.1147955
425.18,423.7574617
425.447,423.4572946
425.713,420.4142341
425.98,421.351547
426.246,418.0567732
426.513,421.0185861
426.779,422.0585056
427.046,418.0571385
427.312,416.5002514
427.579,417.0197309
427.845,417.9377571
428.112,416.9573034
428.378,415.8757162
428.645,414.6574491
428.911,414.0568754
429.178,416.3360216
429.444,413.4194011
429.711,406.1608607
429.977,409.2562069
430.244,412.2938465
430.51,410.3564927
430.777,411.5973923
431.043,408.6768785
431.31,407.0355047
431.576,409.7766109
431.843,403.2786505
432.109,402.0800034
432.376,407.296983
432.642,406.5970359
432.909,403.6575621
433.175,403.5377884
433.442,400.3376146
433.708,401.0562542
433.975,397.4975671
434.241,396.6783
434.508,395.7553395
434.774,394.3564925
435.041,396.0790387
435.307,392.7020316
435.574,391.3964179
435.84,396.5353508
436.11,391.7371503
436.379,389.0969233
436.649,385.6971495
436.918,388.6367891
437.188,387.6185353
437.457,384.4599483
437.727,387.9778078
437.996,386.2802608
438.266,384.2201337
438.535,382.0559533
438.805,380.1571195
439.074,378.7787324
439.344,375.4995187
439.613,375.658085
439.883,375.3364312
440.152,374.1391175
440.422,371.8396904
440.691,373.4002967
440.961,371.0601296
441.23,367.3210625
441.5,363.8214088
441.769,365.7213484
442.039,363.3607947
442.308,362.3605876
442.578,359.5205605
442.847,359.0789601
443.117,360.1588331
443.386,357.7612127
443.656,353.5419523
443.925,352.6191852
444.195,351.2193715
444.464,353.9214511
444.734,353.8225307
445.003,350.719217
445.273,352.0765032
445.542,353.0805495
445.812,350.8009891
446.081,347.1586087
446.351,344.238175
446.62,345.3606813
446.89,342.8618009
447.159,340.3215072
447.429,339.3816135
447.698,340.1434531
447.968,337.362146
448.238,340.9187523
448.507,337.0363453
448.777,332.9210116
449.046,335.2815245
449.316,332.1223908
449.585,329.7397038
449.855,330.0416101
450.124,329.4832163
450.394,326.481876
450.663,328.6175889
450.933,326.6417219
451.202,323.3434015
451.472,323.2603478
451.741,319.9834274
452.011,317.2255737
452.28,320.9450334
452.55,319.2239997
452.819,317.8200526
453.089,316.8622923
453.358,316.6844852
453.628,317.4845182
453.897,314.3849178
454.167,316.7843575
454.436,315.1448104
454.706,312.3913929
454.975,311.0518868
455.245,310.781716
455.514,312.0014314
455.784,310.0736236
456.053,307.9377435
456.323,306.1396575
456.592,307.812479
456.862,308.2503668
457.131,304.5826692
457.401,305.381441
457.67,304.1872764
457.94,299.5831994
458.209,298.2685321
458.479,299.446926
458.748,297.3371186
459.018,297.6135082
459.287,299.0651115
459.557,299.3855643
459.826,295.3412393
460.096,293.9880069
460.366,295.0602063
460.635,296.3154821
460.905,296.1341357
461.174,292.1519575
461.444,290.3714394
461.713,292.2457275
461.983,288.7766417
462.252,288.0607895
462.522,282.8139028
462.791,282.8395655
463.061,285.9162388
463.33,285.9398636
463.6,281.3540229
463.869,280.7729234
464.139,286.5200199
464.408,281.0185006
464.678,276.3934291
464.947,278.0875555
465.217,276.3481465
465.486,276.8285333
465.756,277.8581581
466.025,278.7517571
466.295,275.7487622
466.564,273.5154729
466.834,277.6271448
467.103,274.4778297
467.373,269.7746413
467.642,267.3104815
467.912,270.6160984
468.181,269.9590015
468.451,267.2886078
468.72,265.2111659
468.99,270.1252258
469.259,265.7263055
469.529,262.7260716
469.798,263.2181622
470.068,260.5415397
470.337,259.7062338
470.607,257.6422942
470.876,263.3780531
471.146,258.619064
471.415,256.3153995
471.685,255.6217096
471.954,253.499603
472.224,252.519254
472.493,252.1731844
472.763,250.6830372
473.033,252.824305
473.302,249.9481188
473.572,247.8203877
473.841,250.6532828
474.111,246.350978
474.38,243.823991
474.65,245.5772632
474.919,243.6380078
475.189,244.9801097
475.458,244.1248316
475.728,245.606037
475.997,243.4296675
476.267,244.6634348
476.536,242.383828
476.806,240.9454632
477.075,241.4912523
477.345,238.5296838
477.614,236.4008995
477.884,236.0791513
478.153,235.7769202
478.423,237.9654647
478.692,232.9453796
478.962,233.2578043
479.231,233.884886
479.501,235.9307464
479.77,236.9610259
480.04,235.4723833
480.309,234.7714244
480.579,236.3420417
480.848,236.2434525
481.118,235.2422758
481.387,230.5235922
481.657,228.8248687
481.926,232.6788426
482.196,230.1220182
482.465,233.2912036
482.735,233.558786
483.004,232.6151422
483.274,230.2010063
483.543,228.6733685
483.813,226.8328749
484.082,228.3621041
484.352,232.7380635
484.621,232.2874699
484.891,234.1844747
485.161,232.4922907
485.43,233.9095924
485.7,230.929553
485.969,231.0286481
486.239,231.8617486
486.508,229.5936438
486.778,230.3116666
487.047,231.2939922
487.317,232.5462394
487.586,231.9320455
487.856,233.9030144
488.125,235.9311626
488.395,236.7855756
488.664,236.2107107
488.934,236.1486563
489.203,235.8687402
489.473,238.1993734
489.742,235.866679
490.012,236.484513
490.281,241.9250089
490.551,241.6860622
490.82,243.0240539
491.09,244.207662
491.359,247.0451481
491.629,247.4407851
491.898,246.20353
492.168,247.6935594
492.437,249.8111792
492.707,248.5787824
492.976,249.8726644
493.246,251.5070291
493.515,249.7814677
493.785,252.8617054
494.054,258.0613592
494.324,255.89271
494.593,256.4095364
494.863,258.4986738
495.132,258.8606271
495.402,258.0371317
495.671,260.7982952
495.941,263.1799358
496.21,265.6332451
496.48,267.6550804
496.749,267.7030339
497.019,266.2241397
497.289,266.0498518
497.558,266.6245105
497.828,269.5736488
498.097,272.8708821
498.367,271.2484458
498.636,272.9107756
498.906,276.5294327
499.175,278.4003197
499.445,280.1959603
499.714,275.9149073
499.984,275.2376194
500.253,274.8087602
500.523,280.3179439
500.792,285.1795534
501.062,284.8083806
501.331,287.1251833
501.601,288.7413706
501.87,289.4165103
502.14,291.9622257
502.409,292.6997659
502.679,292.9896137
502.948,293.3932816
503.218,298.7987156
503.487,302.8580239
503.757,300.3993486
504.026,301.1997244
504.296,301.9361192
504.565,303.7807679
504.835,304.6295995
505.104,304.1372857
505.374,303.4597066
505.643,307.2837617
505.913,310.3072119
506.182,310.1031379
506.452,310.1005614
506.721,314.514537
506.991,315.5253487
507.26,314.351171
507.53,313.5081681
507.799,313.6085993
508.069,319.124104
508.338,316.5807816
508.608,314.1977325
508.877,315.4935496
509.147,319.4143926
509.416,316.7579004
509.686,316.6966769
509.956,321.4732174
510.225,321.4129806
510.495,323.8751769
510.764,325.7722839
511.034,326.629853
511.303,324.4804597
511.573,323.1002859
511.842,324.6257029
512.112,324.2916889
512.381,326.2329119
512.651,326.2418721
512.92,323.0659973
513.19,324.935987
513.459,324.2456986
513.729,321.9135607
513.998,325.7894904
514.268,328.8651501
514.537,331.0964708
514.807,327.8530169
515.076,328.3394608
515.346,326.5949189
515.615,328.2607027
515.885,326.8230516
516.154,326.8854299
516.424,326.4440692
516.693,323.9951131
516.963,325.1093625
517.232,323.3031313
517.502,323.4125118
517.771,323.3692456
518.041,322.4033822
518.31,327.8605412
518.58,328.0923268
518.849,328.2206948
519.119,328.7667571
519.388,326.372322
519.658,323.4358555
519.927,321.3415158
520.197,325.5594593
520.466,325.559421
520.736,322.9134571
521.005,324.1295054
521.275,326.407363
521.544,324.7160184
521.814,326.0825695
522.084,325.9891858
522.353,323.7879282
522.623,322.1334114
522.892,321.4683219
523.162,321.109859
523.431,321.8715409
523.701,322.2713078
523.97,319.6477458
524.24,319.6843354
524.509,318.5615691
524.779,319.2860532
525.048,319.5481748
525.318,321.5536484
525.587,318.5578676
525.857,318.9936416
526.126,315.7429483
526.396,317.9223677
526.665,317.307912
526.935,316.8057978
527.204,315.1313123
527.474,315.1280032
527.743,313.740148
528.013,313.810605
528.282,311.0880996
528.552,311.3502304
528.821,312.8467215
529.091,312.5118781
529.36,311.460619
529.63,310.6966308
529.899,310.1146289
530.169,306.888127
530.438,305.5359461
530.708,304.5138188
530.977,304.0870264
531.247,304.9432809
531.516,303.0792402
531.786,303.9236574
532.055,300.59648
532.325,299.7161765
532.594,303.7370607
532.864,299.6561606
533.133,294.7268406
533.403,296.3494827
533.672,296.8880541
533.942,295.3776326
534.212,293.8816391
534.481,289.6972404
534.751,289.9587024
535.02,287.6675159
535.29,286.6462776
535.559,291.9694506
535.829,289.7113889
536.098,286.9208125
536.368,283.2103159
536.637,282.5004338
536.907,281.4711925
537.176,279.3980027
537.446,284.4429884
537.715,280.8231247
537.985,276.2683613
538.254,276.130144
538.524,278.0506135
538.793,276.6239822
539.063,275.8262264
539.332,275.7885683
539.602,271.7068476
539.871,269.2281894
540.141,267.7411463
540.41,268.2587063
540.68,270.121107
540.949,266.9696716
541.219,264.2510589
541.488,261.0217707
541.758,259.9929071
542.027,261.7727177
542.297,260.1497034
542.566,258.3703879
542.836,257.7157264
543.105,256.246683
543.375,251.9701097
543.644,254.1186872
543.914,251.2510449
544.183,251.801674
544.453,248.3991929
544.722,244.0696948
544.992,244.3038148
545.261,244.0252439
545.531,243.7068501
545.8,243.4088153
546.07,242.5386142
546.346,242.2973478
546.622,239.4197501
546.897,237.5548126
547.173,234.1151151
547.449,234.3939685
547.725,238.3628531
548.001,238.2091691
548.276,230.6223868
548.552,228.0447289
548.828,230.0401765
549.104,229.5820453
549.38,226.1395342
549.655,221.7529428
549.931,223.7819873
550.207,222.9438854
550.483,224.7563724
550.759,224.2427334
551.034,218.6480698
551.31,216.5092222
551.586,220.4622224
551.862,214.5665354
552.138,213.0682288
552.413,212.4152161
552.689,215.0009362
552.965,211.2894771
553.241,208.809173
553.517,207.0040642
553.793,206.306481
554.068,204.789047
554.344,205.577367
554.62,205.6012221
554.896,200.037152
555.172,198.5599873
555.447,199.9750978
555.723,199.2776241
555.999,196.6210644
556.275,196.7761537
556.551,193.8665475
556.826,195.0307389
557.102,195.7680927
557.378,192.9270943
557.654,192.1299709
557.93,190.5792115
558.205,189.6083837
558.481,188.4688418
558.757,186.8369597
559.033,187.6539015
559.309,185.3600909
559.584,186.2214043
559.86,182.9135566
560.136,181.2606677
560.412,180.1136372
560.688,179.2170386
560.963,181.453634
561.239,177.8500454
561.515,177.7741575
561.791,172.762468
562.067,173.6527478
562.342,172.9523889
562.618,170.5836965
562.894,170.1115249
563.17,169.1945478
563.446,165.2180522
563.721,165.7069554
563.997,169.0741296
564.273,168.965281
564.549,163.1901533
564.825,163.1700247
565.1,158.9182539
565.376,158.4068197
565.652,159.0342049
565.928,156.7595975
566.204,153.6313977
566.479,154.2984149
566.755,156.5161254
567.031,155.8282054
567.307,153.0083355
567.583,154.9333281
567.858,152.7909684
568.134,145.8124512
568.41,145.6510083
568.686,142.283863
568.962,145.8151529
569.237,143.6894254
569.513,143.9815971
569.789,143.6502421
570.065,140.5511052
570.341,137.4682499
570.617,137.307125
570.892,136.0763462
571.168,137.0472202
571.444,134.6714421
571.72,133.2836188
571.996,135.6933784
572.271,133.6731307
572.547,131.882496
572.823,129.6399464
573.099,128.963091
573.375,128.1707139
573.65,128.4785837
573.926,127.0069966
574.202,123.6506951
574.478,122.142526
574.754,123.5764345
575.029,122.2815436
575.305,117.8492369
575.581,119.679602
575.857,118.7649958
576.133,116.4178828
576.408,116.6157284
576.684,117.571095
576.96,116.1409605
577.239,114.3508123
577.517,112.399901
577.796,110.7520408
578.075,108.7770573
578.354,110.4203136
578.632,109.3675278
578.911,108.6165613
579.19,105.5341653
579.469,104.8796763
579.747,103.272655
580.026,102.6178948
580.305,102.0400001
580.584,101.9571587
580.862,100.8874394
581.141,98.65166304
581.42,97.44529404
581.699,98.296153
581.977,94.99146417
582.256,94.50396129
582.535,95.43289361
582.814,91.92333882
583.092,90.97594824
583.371,92.12930279
583.65,93.31240706
583.929,90.55803669
584.207,88.72391391
584.486,88.48073301
584.765,86.66460469
585.043,85.60178615
585.322,87.166797
585.601,87.77727104
585.88,87.45611729
586.158,86.70811817
586.437,83.64251313
586.716,83.09329779
586.995,80.15535507
587.273,79.05948981
587.552,78.08483479
587.831,79.19928596
588.11,76.99714508
588.388,77.79662981
588.667,77.8382755
588.946,75.61045047
589.225,74.17950188
589.503,72.55710049
589.782,73.22261362
590.061,71.39211157
590.34,71.2072177
590.618,73.33582819
590.897,73.07233541
591.176,72.52187031
591.455,70.70132269
591.733,67.15194198
592.012,66.33779223
592.291,67.06278252
592.57,67.26688539
592.848,64.63419255
593.127,64.0548031
593.406,63.36319731
593.684,62.69136725
593.963,62.89750132
594.242,60.20769086
594.521,60.24690059
594.799,58.34398121
595.078,57.77385804
595.357,56.8043286
595.636,56.37126353
595.914,56.35566844
596.193,55.42535597
596.472,53.51395469
596.751,54.59452823
597.029,52.54788639
597.308,52.73574114
597.587,51.25891883
597.866,51.57405829
598.144,50.70219017
598.423,50.44522823
598.702,48.79022689
598.981,48.98923781
599.259,50.02708957
599.538,48.47926165
599.817,48.25381553
600.096,50.0737747
600.374,49.05597084
600.653,49.13841208
600.932,47.94691605
601.21,46.64448407
601.489,46.60608704
601.768,45.12355607
602.047,43.5935593
602.325,45.44864737
602.604,43.69540343
602.883,44.77002462
603.162,46.20852831
603.44,44.60158625
603.719,43.60122391
603.998,42.511649
604.277,40.47947977
604.555,39.73848409
604.834,40.46191748
605.113,41.18560704
605.392,41.44696868
605.67,38.90687013
605.949,38.50366702
606.228,39.93656626
606.507,38.01042319
606.785,37.30066315
607.064,37.54482705
607.343,37.54282556
607.622,36.04075065
607.9,36.42723909
608.179,36.20503174
608.458,35.65726371
608.736,32.77757238
609.015,32.14911707
609.294,32.76503873
609.573,33.6143019
609.851,34.23878733
610.13,32.78238039
610.409,32.37957214
610.688,33.88934425
610.966,31.80120622
611.245,31.76289113
611.524,28.17348969
611.803,28.1403358
612.081,29.55932065
612.36,28.89948872
612.639,28.82854232
612.918,28.36760025
613.196,27.16667295
613.475,27.01210685
613.754,27.52946554
614.033,26.39180997
614.311,24.94326335
614.59,26.03225127
614.869,23.31576971
615.148,21.98604835
615.426,21.08356413
615.705,21.88641063
615.984,23.26620603
616.263,23.51784183
616.541,21.15046373
616.82,21.21388116
617.099,23.25651709
617.377,23.83527139
617.656,21.5257797
617.935,19.11046437
618.214,18.34552403
618.492,19.54157985
618.771,19.27234381
619.05,19.41802843
619.329,18.17319367
619.607,17.92290573
619.886,16.90367154
620.165,17.12975935
620.444,17.33456578
620.722,15.48242196
621.001,14.66317948
621.28,15.70546352
621.559,15.43236299
621.837,15.01278112
622.116,14.56885181
622.395,13.93721061
622.674,13.60379879
622.952,13.3674725
623.231,12.46799
623.51,11.50582421
623.789,12.18701837
624.067,12.01115165
624.346,10.94060185
624.625,10.59601134
624.904,11.03729883
625.182,10.7547561
625.461,11.50807979
625.74,11.03733015
626.018,7.758959453
626.297,9.70063866
626.576,10.15311052
626.855,9.4811621
627.133,8.976084467
627.412,7.699853107
627.691,8.835042347
627.97,7.317088947
628.248,8.213880647
628.527,7.008517687
628.806,7.395459487
629.085,6.57332132
629.363,5.72856438
629.642,7.39534636
629.921,5.830838047
630.2,7.235392493
630.478,5.819268913
630.757,3.66367932
631.036,6.37323694
631.315,5.68222066
631.593,4.38907438
631.872,4.836804627
632.151,4.374884567
632.43,4.163839307
632.708,3.2535757
632.987,1.3594804
633.266,4.71727248
633.544,4.03924796
633.823,2.828531667
634.102,1.911676633
634.381,0.6981768067
634.659,1.461150173
634.938,1.268245053
635.217,1.97974376
635.496,2.544924087
635.774,-0.00093134
636.053,0.2910394067
636.332,0.9981585467
636.611,0.5580978533
636.889,-0.001322346667
637.168,-0.001145733333
637.447,-0.0007923466667
637.726,-0.00313818
638.004,-0.00204168
638.283,-0.0009091866667
638.562,-0.00251624
638.841,-0.002131213333
639.119,-0.00087612
639.398,0.67092976
639.677,-0.002814626667
639.956,-0.00539066
640.234,-0.003549966667
640.513,1.043901
640.792,0.9793670333
641.07,-0.002440526667
641.349,-0.0006524733333
641.628,-0.0001171533333
641.907,-0.002212773333
642.185,-0.001888286667
642.464,-0.00123028
642.743,-0.001033413333
643.022,-0.00241648
643.3,-0.002887353333
643.579,-0.001270326667
643.858,-0.0006938933333
644.137,-0.002986686667
644.415,-0.0023959
644.694,-0.0008917533333
644.973,-0.001385173333
645.252,-0.002675813333
645.53,-0.00327676
645.809,-0.001148006667
646.088,-0.001133873333
646.367,-0.003074093333
646.645,-0.003435033333
646.924,-0.00069574
647.203,-0.0005922666667
647.482,-0.003474593333
647.76,-0.00337474
648.039,-0.001983426667
648.318,-0.001130533333
648.596,-0.002340546667
648.875,-0.003311586667
649.154,-0.002143046667
649.433,-0.00101176
649.711,-0.0009633733333
649.99,-0.002799833333
650.269,-0.002141266667
650.548,-0.001170786667
650.826,-0.001633393333
651.105,-0.002589093333
651.384,-0.00148922
651.663,-0.0008154933333
651.941,-0.002076606667
652.22,-0.002048126667
652.499,-0.001342566667
652.778,-0.001056953333
653.056,-0.001370913333
653.335,-0.003808753333
653.614,-0.002672646667
653.893,-0.00068808
654.171,-0.002782113333
654.45,-0.00362656
654.729,-0.002418433333
655.008,-0.002211466667
655.286,-0.00211698
655.565,-0.00182274
655.844,-0.001194313333
656.123,-0.001605166667
656.401,-0.001080113333
656.68,-0.003580433333
656.959,-0.00153688
657.237,-0.001283433333
657.516,-0.0045258
657.795,-0.003401346667
658.074,-0.002070733333
658.352,-0.00140986
658.631,-0.003837413333
658.91,-0.0032986
659.189,-0.0006879133333
659.467,-0.0004437933333
659.746,-0.002252753333
660.025,-0.001947766667
660.304,-0.001557926667
660.582,-0.00238176
660.861,-0.0009406266667
661.14,-0.002515613333
661.419,-0.001641913333
661.697,-0.00048692
661.976,-0.001906053333
662.255,-0.003885573333
662.534,-0.00239018
662.812,-0.001255913333
663.091,-0.003587273333
663.37,-0.00245088
663.649,-0.001916713333
663.927,-0.00163764
664.206,-0.002420286667
664.485,-0.003431846667
664.764,-0.002052833333
665.042,-0.001111933333
665.321,-0.001600573333
665.6,-0.00225356
665.878,-0.00191764
666.157,-0.00148486
666.436,-0.002819893333
666.715,-0.001182226667
666.993,-0.0001497866667
667.272,-0.001106153333
667.551,-0.002368266667
667.83,-0.001897793333
668.108,-0.00155634
668.387,-0.00084134
668.666,-0.0029548
668.945,-0.002073026667
669.223,-0.00165356
669.502,-0.00139812
669.781,-0.001971906667
670.06,-0.005279506667
670.338,-0.0031023
670.617,-0.00069568
670.896,-0.002545366667
671.175,-0.001229153333
671.453,-0.00002744
671.732,-0.00059426
672.011,-0.001550786667
672.29,-0.00234382
672.568,-0.00083958
672.847,-0.00022286
673.126,-0.0036341
673.404,-0.002216993333
673.683,-0.000008346666667
673.962,-0.00006924
674.241,-0.003423026667
674.519,-0.005057726667
674.798,-0.002197106667
675.077,-0.00079476
675.356,-0.00229448
675.634,-0.00315588
675.913,-0.002290213333
676.192,-0.00136702
676.471,-0.0030236
676.749,-0.003967346667
677.028,-0.00113764
677.307,-0.0003154466667
677.586,-0.001227426667
677.864,-0.00358806
678.143,-0.002513326667
678.422,-0.0006773733333
678.701,-0.00120862
678.979,-0.002679606667
679.258,-0.00154248
679.537,-0.0007397866667
679.816,-0.002471306667
680.094,-0.00376656
680.373,-0.001871626667
680.652,0.00009828666667
680.93,-0.002373813333
681.209,-0.004655146667
681.488,-0.002973253333
681.767,-0.0009372533333
682.045,-0.00367788
682.324,-0.004222193333
682.603,-0.001752893333
682.882,-0.0008550266667
683.16,0.00009716666667
683.439,-0.002424166667
683.718,-0.003358646667
683.997,-0.002123166667
684.275,-0.001586933333
684.554,-0.003671206667
684.833,-0.002021606667
685.112,-0.00089474
685.39,-0.0007379333333
685.669,-0.001314493333
685.948,-0.00136884
686.227,-0.0017555
686.505,-0.002474473333
686.784,-0.001918446667
687.063,-0.001504833333
687.342,-0.001306913333
687.62,-0.00043302
687.899,-0.00011468
688.178,-0.0005754733333
688.457,-0.001022713333
688.735,-0.002662373333
689.014,-0.002594706667
689.293,-0.0008662733333
689.571,0.00000674
689.85,-0.002389293333
690.129,-0.00374302
690.408,-0.001462226667
690.686,-0.0003997066667
690.965,-0.00200182
691.244,-0.003840986667
691.523,-0.002101286667
691.801,-0.0009801266667
692.08,-0.001856413333
692.359,-0.003216266667
692.638,-0.001280446667
692.916,-0.0003647066667
693.195,-0.003526213333
693.474,-0.004616106667
693.753,-0.001553746667
694.031,-0.0007130533333
694.31,-0.00190146
694.589,-0.00188622
694.868,-0.0003701666667
695.146,0.00009206
695.425,-0.00315444
695.704,-0.005162553333
695.983,-0.002863913333
696.261,-0.00067008
696.54,-0.0001689866667
696.825,-0.0006495533333
697.11,-0.0005356533333
697.395,0.00009092666667
697.68,-0.002400086667
697.965,-0.0021516
698.25,-0.00004256666667
698.535,0.0000438
698.819,-0.002731886667
699.104,-0.00453808
699.389,-0.002145586667
699.674,-0.00004948666667
699.959,-0.001500806667
700.244,-0.00227398
700.529,-0.001208186667
700.814,-0.001008653333
701.099,-0.00341276
701.384,-0.004608746667
701.669,-0.00236664
701.954,-0.001421413333
702.239,-0.003525026667
702.524,-0.002131633333
702.809,0.00003561333333
703.094,-0.00009612666667
703.378,-0.002267973333
703.663,-0.002574826667
703.948,-0.0008720733333
704.233,-0.00039182
704.518,-0.002399386667
704.803,-0.002871906667
705.088,-0.0018943
705.373,-0.0008502333333
705.658,-0.0001487533333
705.943,-0.0000768
706.228,-0.0008291733333
706.513,-0.0006002666667
706.798,-0.002259886667
707.083,-0.00207696
707.368,-0.001330633333
707.653,-0.0007561133333
707.937,-0.001538226667
708.222,-0.005028193333
708.507,-0.002953906667
708.792,-0.0009439266667
709.077,-0.002592753333
709.362,-0.003586386667
709.647,-0.00130782
709.932,-0.00044158
710.217,-0.0007928733333
710.502,-0.002893766667
710.787,-0.001558986667
711.072,-0.0002400266667
711.357,-0.0008833733333
711.642,-0.0013253
711.927,-0.0009346
712.211,-0.0005646666667
712.496,-0.00109054
712.781,-0.0014087
713.066,-0.001142626667
713.351,-0.0000002133333333
713.636,-0.001434886667
713.921,-0.00439504
714.206,-0.002785246667
714.491,-0.001026153333
714.776,-0.004672453333
715.061,-0.004048746667
715.346,-0.001046873333
715.631,-0.00025422
715.916,-0.0003000733333
716.201,-0.00232942
716.486,-0.00180442
716.77,-0.001140433333
717.055,-0.002177793333
717.34,-0.002571386667
717.625,-0.0012746
717.91,-0.00062172
718.195,-0.002354426667
718.48,-0.00445254
718.765,-0.001853126667
719.05,-0.0002437733333
719.335,-0.001082333333
719.62,-0.003557853333
719.905,-0.003030446667
720.19,-0.001417933333
720.475,-0.0022243
720.76,-0.002893006667
721.045,-0.001529593333
721.329,-0.00003507333333
721.614,-0.0001990266667
721.899,-0.002552426667
722.184,-0.002067413333
722.469,-0.001326746667
722.754,-0.003381833333
723.039,-0.00431184
723.324,-0.002687806667
723.609,-0.001697346667
723.894,-0.002240433333
724.179,-0.005336353333
724.464,-0.00250636
724.749,-0.001034826667
725.034,-0.001903326667
725.319,-0.00244948
725.603,-0.0020973
725.888,-0.001645666667
726.173,-0.00277694
726.458,-0.00349316
726.743,-0.001376
727.028,-0.0002573733333
727.313,-0.00270034
727.598,-0.004982753333
727.883,-0.00176958
728.168,-0.0007692266667
728.453,-0.001456713333
728.738,-0.00128044
729.023,-0.001254593333
729.308,-0.0005414733333
729.593,-0.00152536
729.878,-0.001814933333
730.162,-0.0008903333333
730.447,-0.00054716
730.732,-0.003557566667
731.017,-0.00743286
731.302,-0.003831766667
731.587,-0.001668233333
731.872,-0.002777266667
732.157,-0.00255812
732.442,-0.001035586667
732.727,-0.0001403266667
733.012,-0.0004688933333
733.297,-0.00193756
733.582,-0.001750833333
733.867,-0.0007396333333
734.152,-0.00003760666667
734.437,-0.001723606667
734.721,-0.00228352
735.006,-0.001800966667
735.291,-0.00070708
735.576,-0.00100316
735.861,-0.0012928
736.146,-0.002084373333
736.431,-0.00288238
736.716,-0.00377048
737.001,-0.00158908
737.286,-0.0001090933333
737.571,-0.0001350333333
737.856,-0.002589206667
738.141,-0.0012817
738.426,0.00007732666667
738.711,0.00007726
738.995,-0.00463134
739.28,-0.003317393333
739.565,-0.0006578733333
739.85,-0.00398482
740.135,-0.00532596
740.42,-0.00265678
740.705,-0.0008386666667
740.99,-0.002850333333
741.275,-0.0053701
741.56,-0.002663486667
741.845,0.00007661333333
742.13,-0.003037573333
742.415,-0.003392246667
742.7,-0.00142584
742.985,-0.00098748
743.27,-0.00138084
743.554,-0.00301856
743.839,-0.001730806667
744.124,-0.00065956
744.409,-0.003131386667
744.694,-0.002546633333
744.979,-0.001474346667
745.264,-0.0006223
745.549,-0.001943353333
745.834,-0.005092466667
746.119,-0.002896906667
746.404,-0.00056116
746.689,-0.00138344
746.974,-0.00009327333333
747.259,0.00007641333333
747.544,0.00007658
747.829,-0.004372233333
748.113,-0.00315458
748.398,-0.0004441
748.683,0.00007692
748.968,-0.002094453333
749.253,-0.00321312
749.538,-0.001644313333
749.823,-0.0005154666667
750.108,-0.003759806667
750.393,-0.004977713333
750.678,-0.002770026667
750.963,-0.00102908
751.248,-0.003228806667
751.533,-0.00255268
751.818,-0.001013233333
752.103,-0.001054773333
752.387,-0.00256478
752.672,-0.004611973333
752.957,-0.002272906667
753.242,-0.00121928
753.527,-0.00173444
753.812,-0.0028366
754.097,-0.00237254
754.382,-0.001399406667
754.667,-0.002808686667
754.952,-0.001514713333
755.237,0.00007744
755.522,-0.0003434533333
755.807,-0.003109753333
756.092,-0.005413593333
756.377,-0.002847753333
756.662,-0.001378426667
756.946,-0.001256046667
757.231,-0.003711893333
757.516,-0.0015707
757.801,0.00007717333333
758.086,-0.002571853333
758.371,-0.00174114
758.656,-0.0008150866667
758.941,-0.0009513466667
759.226,0.00007685333333
759.511,-0.00185906
759.796,-0.00153874
760.081,-0.00086396
760.366,-0.001504786667
760.651,-0.001573013333
760.936,-0.0012118
761.221,-0.0004688466667
761.505,-0.001837173333
761.79,-0.00406816
762.075,-0.0009871
762.36,0.00007622666667
762.645,-0.001626326667
762.93,-0.00167406
763.215,-0.001640073333
763.5,-0.001088553333
763.791,0.00007583333333
764.082,-0.0004145266667
764.373,-0.001299846667
764.664,-0.0009944866667
764.955,-0.00125358
765.247,-0.002900306667
765.538,-0.001088993333
765.829,0.0000754
766.12,-0.002376146667
766.411,-0.00500474
766.702,-0.002852946667
766.993,-0.0016477
767.284,-0.003234413333
767.575,-0.003135933333
767.866,-0.00204076
768.157,-0.002020413333
768.449,-0.003612313333
768.74,-0.00288834
769.031,-0.001678746667
769.322,-0.0009652533333
769.613,-0.001142006667
769.904,-0.00150904
770.195,-0.0004353666667
770.486,0.00007426
770.777,-0.002712073333
771.068,-0.003883846667
771.359,-0.00168432
771.651,0.00007394
771.942,-0.00101234
772.233,-0.002967593333
772.524,-0.002713706667
772.815,-0.001567613333
773.106,-0.001974593333
773.397,-0.001825446667
773.688,-0.0004419866667
773.979,0.00007338
774.27,-0.003080293333
774.561,-0.002754813333
774.853,-0.0005778666667
775.144,-0.00041516
775.435,-0.002311813333
775.726,-0.001498866667
776.017,0.00007288666667
776.308,-0.0002794733333
776.599,-0.004879806667
776.89,-0.005557373333
777.181,-0.00177694
777.472,-0.00076074
777.763,-0.002748686667
778.055,-0.004288253333
778.346,-0.002572473333
778.637,-0.0008983066667
778.928,-0.003661433333
779.219,-0.002493806667
779.51,0.00007232666667
779.801,0.00000438
780.092,-0.0004776866667
780.383,-0.00056658
780.674,-0.0007773066667
780.965,-0.001178313333
781.257,-0.002866653333
781.548,-0.003179633333
781.839,-0.001669486667
782.13,-0.0002885933333
782.421,-0.002897053333
782.712,-0.002368373333
783.003,-0.001366386667
783.294,-0.00150432
783.585,-0.001642526667
783.876,-0.001924613333
784.167,-0.0005503133333
784.459,-0.0005646266667
784.75,-0.002757793333
785.041,-0.001498686667
785.332,-0.00101386
785.623,-0.0009255266667
785.914,-0.001279106667
786.205,-0.00179118
786.496,-0.001103393333
786.787,-0.0006830133333
787.078,-0.003267833333
787.369,-0.00191772
787.661,0.00007263333333
787.952,-0.0001369133333
788.243,-0.002000006667
788.534,-0.003320053333
788.825,-0.0005112133333
789.116,-0.0004276933333
789.407,-0.002024253333
789.698,-0.003819126667
789.989,-0.002664193333
790.28,-0.0004595533333
790.571,-0.002181906667
790.863,-0.00276122
791.154,-0.00124552
791.445,-0.001039913333
791.736,-0.00249608
792.027,-0.00467816
792.318,-0.00193438
792.609,-0.0005559733333
792.9,-0.003059606667
793.191,-0.002494573333
793.482,-0.001085473333
793.773,-0.00009126
794.065,-0.002649273333
794.356,-0.004414246667
794.647,-0.002413593333
794.938,-0.00076306
795.229,0.00007289333333
795.52,-0.002261286667
795.811,-0.00222566
796.102,-0.0012679
796.393,-0.0007324133333
796.684,-0.001407606667
796.975,-0.001200046667
797.267,0.00007202666667
797.558,-0.0003469133333
797.849,-0.002034546667
798.14,-0.001260213333
798.431,-0.00147832
798.722,-0.002852366667
799.013,-0.0035972
799.304,-0.002332
799.595,-0.001428506667
799.886,-0.00265068
800.177,-0.00280952
800.469,-0.0007855666667
800.76,0.00001436666667
801.051,-0.002359653333
801.342,-0.002846913333
801.633,-0.00101204
801.924,-0.0003276333333
802.215,-0.001267786667
802.506,-0.00150312
802.797,-0.0009167066667
803.088,-0.0005065133333
803.379,-0.0005332066667
803.671,-0.003513346667
803.962,-0.00158756
804.253,-0.0003863866667
804.544,-0.00316514
804.835,-0.002032686667
805.126,-0.0008911866667
805.417,-0.00058232
805.708,-0.002241013333
805.999,-0.002511713333
806.29,-0.0009199866667
806.581,-0.001169606667
806.873,-0.003405326667
807.164,-0.004424953333
807.455,-0.00221184
807.746,-0.0009388533333
808.037,-0.002393973333
808.328,-0.00114466
808.619,-0.0004110333333
808.91,-0.001034
809.201,-0.003033313333
809.492,-0.002321526667
809.783,-0.0002551266667
810.075,0.00006533333333
810.366,-0.001393326667
810.657,-0.002203693333
810.948,-0.0007193266667
811.239,0.00006480666667
811.53,-0.002009526667
811.821,-0.004629233333
812.112,-0.001569133333
812.404,-0.0003188666667
812.695,-0.00136016
812.986,-0.002303173333
813.277,-0.001859573333
813.569,-0.001422033333
813.86,-0.0003435066667
814.151,-0.0013734
814.442,-0.002516786667
814.734,-0.001506846667
815.025,-0.001511953333
815.316,-0.002881726667
815.607,-0.0015678
815.899,-0.0006735133333
816.19,-0.003628633333
816.481,-0.002330833333
816.772,-0.00063332
817.064,-0.0001129333333
817.355,-0.001761686667
817.646,-0.002862486667
817.937,-0.002367366667
818.229,-0.00147982
818.52,-0.00253992
818.811,-0.004309246667
819.102,-0.002722433333
819.394,-0.001062273333
819.685,-0.00250692
819.976,-0.00355892
820.267,-0.002214453333
820.559,-0.001150673333
820.85,-0.001774406667
821.141,-0.002714873333
821.432,-0.001639233333
821.723,-0.00111754
822.015,-0.0009363333333
822.306,-0.0015284
822.597,-0.0013547
822.888,-0.0007241133333
823.18,-0.00076204
823.471,-0.00278716
823.762,-0.0017989
824.053,-0.0002481133333
824.345,-0.00383246
824.636,-0.003333793333
824.927,-0.00198762
825.218,-0.001485253333
825.51,-0.0001714533333
825.801,-0.00006834
826.092,-0.0009138866667
826.383,-0.00081792
826.675,-0.001153886667
826.966,-0.00279476
827.257,-0.001872846667
827.548,0.00006050666667
827.84,-0.001123946667
828.131,-0.001389366667
828.422,-0.001112173333
828.713,-0.002803186667
829.005,-0.00232606
829.296,-0.0009262266667
829.587,-0.001062593333
829.878,-0.0008947333333
830.17,-0.001252153333
830.461,-0.00237212
830.752,-0.001261206667
831.043,-0.00070204
831.335,-0.00091062
831.626,-0.0008659
831.917,-0.001088793333
832.208,-0.00045592
832.499,0.00006049333333
832.791,0.00006050666667
833.082,-0.0002938133333
833.373,-0.00046492
833.664,-0.002030186667
833.956,-0.00196642
834.247,-0.0006311266667
834.538,0.00006064666667
834.829,-0.00205364
835.121,-0.002166013333
835.412,-0.00101842
835.703,-0.0005887333333
835.994,-0.00118638
836.286,-0.003339
836.577,-0.00302998
836.868,-0.00200378
837.159,-0.003752493333
837.451,-0.001488853333
837.742,-0.001183986667
838.033,-0.00111822
838.324,-0.001093666667
838.616,-0.003928073333
838.907,-0.0027469
839.198,-0.00124104
839.489,-0.0022578
839.781,-0.0020774
840.072,-0.001335653333
840.363,-0.001623846667
840.654,-0.0030981
840.946,-0.001903533333
841.237,-0.001545093333
841.528,-0.001287946667
841.819,0.00006190666667
842.11,-0.002222153333
842.402,-0.00160632
842.693,-0.0006086
842.984,-0.002779
843.275,-0.00496362
843.567,-0.00225958
843.858,-0.00061646
844.149,-0.00154034
844.44,-0.00358788
844.732,-0.0008594266667
845.023,-0.0001645733333
845.314,-0.001013386667
845.605,-0.001394513333
845.897,-0.0009456666667
846.188,-0.001689206667
846.479,-0.003010226667
846.77,-0.001571086667
847.062,-0.00053708
847.353,-0.001034533333
847.644,-0.003714626667
847.935,-0.002233246667
848.227,-0.00106522
848.518,-0.00006213333333
848.809,-0.002790366667
849.1,-0.001677426667
849.392,-0.0006570666667
849.683,-0.00124498
849.974,-0.00130212
850.265,-0.00322216
850.557,-0.00191284
850.848,0.00006854
851.139,-0.00219778
851.43,-0.00197198
851.721,-0.001668286667
852.013,-0.0003988666667
852.304,-0.001761846667
852.595,-0.003541253333
852.886,-0.002094393333
853.178,-0.001167373333
853.469,-0.004247166667
853.76,-0.00283588
854.051,-0.00143886
854.343,-0.001836353333
854.634,-0.0030317
854.925,-0.0008613666667
855.216,-0.0009654866667
855.508,-0.001871033333
855.799,-0.001750653333
856.09,-0.00356292
856.381,-0.001814353333
856.673,-0.001221353333
856.964,-0.00415224
857.255,-0.001555286667
857.546,0.00006438666667
857.838,-0.00061736
858.129,-0.00414712
858.42,-0.002095126667
858.711,0.00006314
859.003,-0.001021606667
859.294,-0.002292573333
859.585,-0.001972446667
859.876,-0.0008576666667
860.168,-0.00156934
860.459,-0.003019566667
860.75,-0.003474366667
861.041,-0.00227452
861.333,-0.00175918
861.624,-0.00003795333333
861.915,-0.00359382
862.206,-0.001465266667
862.497,0.00005898666667
862.789,-0.002399246667
863.08,-0.001096013333
863.371,-0.00008478
863.662,-0.0007552133333
863.954,-0.001021066667
864.245,-0.001211693333
864.536,-0.00111214
864.827,-0.001180933333
865.119,-0.001506126667
865.41,-0.003564166667
865.701,-0.001520606667
865.992,-0.00135112
866.284,-0.002303846667
866.575,-0.00323282
866.866,-0.002029366667
867.157,-0.001100633333
867.449,-0.00022876
867.74,0.00005418666667
868.031,-0.001142426667
868.322,-0.00003552
868.614,-0.00140448
868.905,-0.002079873333
869.196,-0.0003142333333
869.487,-0.00009220666667
869.779,-0.00224912
870.07,-0.002833986667
870.361,-0.0013221
870.652,-0.00001014
870.944,-0.001961366667
871.235,-0.002532013333
871.526,-0.002228253333
871.817,-0.0005081866667
872.109,-0.002445766667
872.4,-0.002645906667
872.691,-0.00004122
872.982,-0.0002391133333
873.273,-0.00217282
873.565,-0.001539786667
873.856,-0.00169244
874.147,-0.00153086
874.438,-0.0017247
874.73,-0.001600373333
875.021,-0.00095496
875.312,-0.000941
875.603,-0.001209286667
875.895,0.00005052
876.186,-0.00016304
876.477,-0.0006681066667
876.768,-0.00198748
877.06,-0.00114098
877.351,-0.0005929866667
877.642,-0.00002278666667
877.933,-0.0005132666667
878.225,-0.001716706667
878.516,-0.001014066667
878.807,-0.0004817866667
879.098,-0.00007112666667
879.39,-0.0002157666667
879.681,-0.0007817
879.972,-0.00088252
880.263,-0.0009298066667
880.555,-0.00248916
880.846,-0.00008288
881.137,0.00004893333333
881.428,-0.001529666667
881.72,-0.0007696666667
882.011,0.00001284666667
882.302,-0.0005536866667
882.593,-0.00002892666667
882.884,-0.001777373333
883.176,-0.00130048
883.467,-0.0006231533333
883.758,-0.001881166667
884.049,-0.003896133333
884.341,-0.001808386667
884.632,-0.00049126
884.923,-0.0019355
885.214,-0.001349386667
885.506,-0.0006383733333
885.797,-0.00139558
886.088,-0.0006266133333
886.379,-0.0004673466667
886.671,-0.0004140933333
886.962,-0.0006391133333
887.253,-0.002521913333
887.544,-0.002879746667
887.836,-0.0009953333333
888.127,0.00004763333333
888.418,-0.001571613333
888.709,-0.003158086667
889.001,-0.0008903866667
889.292,-0.0003445733333
889.583,-0.001289346667
889.874,-0.001326213333
890.166,-0.001433293333
890.457,-0.001309606667
890.748,-0.002517973333
891.039,-0.0006555
891.331,-0.0004112666667
891.622,-0.001753346667
891.913,-0.001934
892.204,-0.001816293333
892.495,-0.001327673333
892.787,-0.0009510266667
893.078,-0.001951313333
893.369,-0.001018686667
893.66,-0.0002999466667
893.952,-0.001043653333
894.243,-0.002850806667
894.534,-0.003610166667
894.825,-0.001383213333
895.117,-0.0005125133333
895.408,-0.002301166667
895.699,-0.00077224
895.99,-0.00010942
896.282,-0.001034306667
896.573,-0.003131646667
896.864,-0.001997193333
897.155,-0.001055406667
897.447,-0.0002192733333
897.738,-0.002506233333
898.029,-0.003067146667
898.32,-0.002128006667
898.612,-0.00169656
898.903,-0.00310934
899.194,-0.00510308
899.485,-0.00269098
899.777,-0.0003125266667
900.068,-0.00341092
900.359,-0.002759646667
900.65,-0.00082848
900.942,0.00004776
901.233,-0.001695633333
901.524,-0.002366966667
901.815,-0.00140492
902.106,-0.001923813333
902.398,-0.001390373333
902.689,-0.0009591933333
902.98,-0.0008356533333
903.271,-0.0007931733333
903.563,-0.0007010933333
903.854,-0.00024972
904.145,-0.001491446667
904.436,-0.00162956
904.728,-0.00136992
905.019,-0.001501953333
905.31,-0.001078706667
905.601,-0.00059432
905.893,-0.001237853333
906.184,-0.00112034
906.475,-0.001091173333
906.766,-0.0008729333333
907.058,-0.002029666667
907.349,-0.004105126667
907.64,-0.00239834
907.931,-0.001464033333
908.223,-0.00202048
908.514,-0.00059566
908.805,-0.0002868933333
909.096,-0.001445793333
909.388,-0.00237242
909.679,-0.001835546667
909.97,-0.00009129333333
910.261,-0.0006633866667
910.553,0.00004836666667
910.844,-0.0001170133333
911.135,-0.00216746
911.426,-0.002905293333
911.718,-0.00207598
912.009,-0.00135642
912.3,-0.0007945133333
912.599,-0.001210773333
912.898,-0.001902953333
913.196,-0.002957926667
913.495,-0.00249882
913.794,-0.001910386667
914.093,-0.0007036466667
914.391,-0.001843353333
914.69,-0.00243776
914.989,-0.001745513333
915.288,-0.002890646667
915.586,-0.00242792
915.885,-0.001175786667
916.184,-0.0008527133333
916.483,-0.001132706667
916.782,-0.002630886667
917.08,-0.002757186667
917.379,-0.00153626
917.678,-0.00152474
917.977,-0.002578553333
918.275,-0.001463813333
918.574,-0.0010599
918.873,-0.003139606667
919.172,-0.00266232
919.471,-0.001236693333
919.769,-0.001325073333
920.068,-0.003138586667
920.367,-0.004529886667
920.666,-0.0020157
920.964,-0.002006453333
921.263,-0.0001903066667
921.562,0.00000948
921.861,-0.0003382466667
922.159,-0.0007543733333
922.458,-0.0003665333333
922.757,0.00004973333333
923.056,-0.001431686667
923.355,-0.001906953333
923.653,-0.00393526
923.952,-0.003571033333
924.251,-0.001089353333
924.55,-0.00003826
924.848,-0.00360976
925.147,-0.001844853333
925.446,0.00005024
925.745,-0.001284393333
926.043,-0.0026108
926.342,-0.002671206667
926.641,-0.00078282
926.94,-0.0009017933333
927.239,-0.00150692
927.537,-0.00250472
927.836,-0.001285213333
928.135,-0.00123912
928.434,-0.00129902
928.732,-0.0001871666667
929.031,0.00005130666667
929.33,-0.0007457466667
929.629,-0.002290973333
929.927,-0.00371118
930.226,-0.00260766
930.525,-0.001435833333
930.824,0.0000522
931.123,-0.001051506667
931.421,-0.001804453333
931.72,-0.0007202666667
932.019,-0.00065826
932.318,-0.00074388
932.616,0.00005384666667
932.915,-0.0009442066667
933.214,-0.002445253333
933.513,-0.00284234
933.812,-0.002169046667
934.11,-0.001473753333
934.409,-0.001894093333
934.708,-0.003467606667
935.007,-0.002768753333
935.305,-0.001712233333
935.604,-0.00117882
935.903,-0.002847166667
936.202,-0.001554033333
936.5,-0.0010128
936.799,-0.001185846667
937.098,-0.001845926667
937.397,-0.001491093333
937.696,-0.00163086
937.994,-0.00314624
938.293,-0.003383686667
938.592,-0.002005326667
938.891,0.00006864
939.189,-0.0008247733333
939.488,-0.00168752
939.787,-0.001930446667
940.086,-0.001825186667
940.384,-0.001896466667
940.683,-0.0037767
940.982,-0.002008093333
941.281,-0.0008246933333
941.58,-0.002667766667
941.878,-0.003352946667
942.177,-0.00213248
942.476,-0.001660733333
942.775,-0.004050526667
943.073,-0.003219806667
943.372,-0.002303486667
943.671,-0.002064826667
943.97,-0.005063246667
944.268,-0.002894493333
944.567,-0.00051704
944.866,-0.001039993333
945.165,-0.003257553333
945.464,-0.001239066667
945.762,0.00006981333333
946.061,-0.0005528666667
946.36,-0.001911593333
946.659,-0.003450166667
946.957,-0.0002809266667
947.256,0.00006737333333
947.555,-0.003261813333
947.854,-0.005899673333
948.153,-0.0029244
948.451,-0.00008405333333
948.75,-0.001203886667
949.049,-0.00209046
949.348,-0.002383826667
949.646,-0.002512773333
949.945,-0.00519854
950.244,-0.002708153333
950.543,-0.00047978
950.841,0.00006119333333
951.14,-0.002126473333
951.439,-0.00159114
951.738,-0.001054106667
952.037,-0.0005318733333
952.335,-0.0001536933333
952.634,-0.0007526733333
952.933,-0.001593993333
953.232,0.0000576
953.53,-0.001905526667
953.829,-0.002955533333
954.128,-0.00259388
954.427,-0.001261026667
954.725,-0.003148593333
955.024,-0.00190454
955.323,-0.00122398
955.622,-0.00211714
955.921,-0.00268192
956.219,-0.002535486667
956.518,-0.00211624
956.817,-0.001083666667
957.116,-0.0003031133333
957.414,-0.0008653666667
957.713,-0.002297666667
958.012,-0.00042936
958.311,-0.0006473933333
958.61,-0.005031586667
958.908,-0.00341006
959.207,-0.00024158
959.506,0.00005095333333
959.805,-0.001785113333
960.103,-0.0001273466667
960.402,-0.00060684
960.701,-0.002155093333
961,-0.001238233333
961.298,-0.00158258
961.597,-0.001010993333
961.896,-0.002763686667
962.195,-0.002942146667
962.494,-0.00186226
962.792,-0.0003095666667
963.091,-0.004260346667
963.39,-0.002879206667
963.689,-0.00047742
963.987,0.00004778
964.286,-0.00033336
964.585,-0.00295148
964.884,-0.002359733333
965.182,-0.00130302
965.481,-0.002958653333
965.78,-0.001623346667
966.075,-0.001091086667
966.37,-0.0005281
966.666,-0.0009612733333
966.961,-0.002001326667
967.256,-0.001756426667
967.551,-0.001148653333
967.847,-0.001179366667
968.142,-0.00108246
968.437,-0.001005213333
968.732,-0.000002173333333
969.028,-0.001504066667
969.323,-0.002324013333
969.618,-0.00160794
969.913,-0.001002946667
970.208,-0.001439546667
970.504,-0.003035693333
970.799,-0.0008710333333
971.094,-0.00005614
971.389,-0.0026248
971.685,-0.002468086667
971.98,-0.0007313
972.275,0.00004428666667
972.57,-0.0008891666667
972.866,-0.001574286667
973.161,-0.001896866667
973.456,-0.0008857066667
973.751,-0.001844873333
974.047,-0.00329954
974.342,-0.002072753333
974.637,-0.001264646667
974.932,-0.0009399933333
975.227,-0.0035108
975.523,-0.00250604
975.818,-0.00097678
976.113,-0.002635246667
976.408,-0.002442013333
976.704,-0.002060713333
976.999,-0.00205416
977.294,-0.00458542
977.589,-0.003336266667
977.885,-0.0000358
978.18,0.00004298666667
978.475,-0.003053646667
978.77,-0.002790686667
979.066,-0.0005882133333
979.361,-0.0004567533333
979.656,-0.001107666667
979.951,-0.002425006667
980.246,-0.001832733333
980.542,-0.001646866667
980.837,-0.002517226667
981.132,-0.001511833333
981.427,-0.0005572133333
981.723,-0.001032013333
982.018,-0.002428206667
982.313,-0.00332018
982.608,-0.00189398
982.904,-0.0005889666667
983.199,0.00004316
983.494,-0.0027902
983.789,-0.002416893333
984.084,-0.001510253333
984.38,-0.0006969466667
984.675,-0.00024364
984.97,-0.001010333333
985.265,-0.001917033333
985.561,-0.0004703933333
985.856,-0.002837086667
986.151,-0.00318378
986.446,-0.001183806667
986.742,-0.0025905
987.037,-0.002670526667
987.332,-0.001983886667
987.627,-0.001803913333
987.923,-0.002670606667
988.218,-0.003090633333
988.513,-0.001803993333
988.808,-0.00102402
989.103,-0.001270713333
989.399,-0.00366408
989.694,-0.003044106667
989.989,-0.0007574666667
990.284,0.00003584
990.58,-0.0004708533333
990.875,-0.00041088
991.17,-0.0003575733333
991.465,-0.003290933333
991.761,-0.00341096
992.056,-0.0008776533333
992.351,-0.001364346667
992.646,-0.001464373333
992.942,-0.0004444
993.237,-0.00125776
993.532,-0.0007044533333
993.827,0.00004218666667
994.122,-0.0007511733333
994.418,-0.0004045333333
994.713,-0.00032456
995.008,-0.0008312533333
995.303,0.00004205333333
995.599,0.00004202666667
995.894,-0.0003246666667
996.189,-0.00061136
996.484,-0.00028472
996.78,0.00004192666667
997.075,0.0000419
997.37,0.00004187333333
997.665,-0.00210482
997.96,-0.001131513333
998.256,-0.0009182066667
998.551,-0.0015049
998.846,-0.003091593333
999.141,-0.00143162
999.437,-0.00100498
999.732,-0.00113834
1000.027,-0.0006650333333
1000.322,-0.00038506
1000.618,-0.0008450866667
1000.913,-0.00219844
1001.208,-0.001765133333
1001.503,-0.00114516
1001.799,-0.00095852
1002.094,-0.00095188
1002.389,0.00004142666667
1002.684,0.0000414
1002.979,-0.0002052933333
1003.275,-0.00186532
1003.57,-0.0009320066667
1003.865,-0.0003387
1004.16,0.00004127333333
1004.456,-0.001452086667
1004.751,-0.003465446667
1005.046,-0.001685473333
1005.341,-0.0004055
1005.637,-0.0009921866667
1005.932,-0.0008122133333
1006.227,-0.0006989066667
1006.522,-0.0004856
1006.817,-0.001825626667
1007.113,-0.003765653333
1007.408,-0.002345673333
1007.703,-0.0003190333333
1007.998,-0.002285726667
1008.294,-0.00151242
1008.589,-0.001179113333
1008.884,0.00004086666667
1009.179,-0.001252493333
1009.475,-0.00299252
1009.77,-0.001599213333
1010.065,-0.0008925733333
1010.36,-0.003225926667
1010.656,-0.001799286667
1010.951,0.00004068666667
1011.246,-0.0009260066667
1011.541,-0.00369936
1011.836,-0.00323272
1012.132,-0.00138608
1012.427,-0.001086106667
1012.722,-0.0007261333333
1013.017,-0.001819486667
1013.313,-0.001472846667
1013.608,-0.00129954
1013.903,-0.0014129
1014.198,-0.00005292
1014.494,0.00004038666667
1014.789,0.00004036
1015.084,-0.001406333333
1015.379,-0.001926353333
1015.674,-0.0008730466667
1015.97,-0.0003130733333
1016.265,0.00004024
1016.56,-0.002946453333
1016.855,-0.001633146667
1017.151,0.00004016
1017.446,0.00004014
1017.741,-0.0001265533333
1018.036,-0.0009399133333
1018.332,-0.0002132666667
1018.627,0.00004004
1018.922,-0.0006066533333
1019.217,-0.001566673333
1019.513,-0.001893366667
1019.808,-0.00190006
1020.103,-0.001686746667
1020.398,-0.001326773333
1020.693,-0.001260133333
1020.989,-0.0008401533333
1021.284,-0.002526846667
1021.579,-0.002700206667
1021.874,-0.00183356
1022.17,-0.0008802533333
1022.465,0.00003972
1022.76,-0.0009536333333
1023.055,-0.0002603266667
1023.351,-0.001080353333
1023.646,-0.002013706667
1023.941,-0.001313733333
1024.236,-0.00137376
1024.532,-0.001080446667
1024.827,-0.003073806667
1025.122,-0.00234716
1025.417,-0.001407186667
1025.712,-0.001740546667
1026.008,-0.001160566667
1026.303,-0.001800593333
1026.598,-0.001900613333
1026.893,-0.001067306667
1027.189,-0.001420666667
1027.484,-0.0007473533333
1027.779,0.00001262
1028.074,-0.0003140666667
1028.37,-0.00204076
1028.665,-0.001847453333
1028.96,-0.00071414
1029.255,-0.0009608333333
1029.55,-0.0007341866667
1029.846,-0.00052088
1030.141,-0.0004209
1030.436,-0.001027593333
1030.731,-0.002120946667
1031.027,-0.001854306667
1031.322,-0.001021
1031.617,-0.001594353333
1031.912,-0.0008877133333
1032.208,-0.0017144
1032.503,-0.001574426667
1032.798,-0.001461113333
1033.093,-0.00338114
1033.389,-0.003707826667
1033.684,-0.001101186667
1033.979,-0.0007878733333
1034.274,-0.002841233333
1034.569,-0.001814586667
1034.865,-0.00052128
1035.16,-0.001707966667
1035.455,-0.00311466
1035.75,-0.00255468
1036.046,-0.00240804
1036.341,-0.001314726667
1036.636,-0.00086142
1036.931,-0.001708106667
1037.227,-0.0009348
1037.522,-0.001061486667
1037.817,-0.00120818
1038.112,-0.001441533333
1038.407,-0.002488226667
1038.703,-0.001488246667
1038.998,-0.001648273333
1039.293,-0.00003496
1039.588,-0.001361653333
1039.884,-0.00312834
1040.179,-0.0014417
1040.474,-0.00001505333333
1040.769,-0.00055508
1041.065,-0.003268433333
1041.36,-0.001128453333
1041.655,-0.0001751466667
1041.95,-0.001981833333
1042.246,-0.002328526667
1042.541,-0.00100188
1042.836,-0.0008285733333
1043.131,-0.00181526
1043.426,-0.0009486133333
1043.722,-0.001741973333
1044.017,-0.00005532666667
1044.312,0.00003798
1044.607,-0.0002687066667
1044.903,-0.00196206
1045.198,-0.00207542
1045.493,-0.001482106667
1045.788,-0.0010088
1046.084,-0.002042153333
1046.379,-0.001015506667
1046.674,-0.0003688666667
1046.969,-0.001575553333
1047.264,-0.0006822466667
1047.56,0.00003773333333
1047.855,0.00003771333333
1048.15,-0.0004023133333
1048.445,-0.0003223333333
1048.741,0.00003764666667
1049.036,-0.00090238
1049.331,-0.002189066667
1049.626,-0.002729093333
1049.922,-0.00223578
1050.217,-0.001409133333
1050.512,-0.00298916
1050.807,-0.0004825133333
1051.103,-0.001615866667
1051.398,-0.002275893333
1051.693,-0.001095913333
1051.988,-0.0007826
1052.283,-0.0007692933333
1052.579,-0.0003426466667
1052.874,-0.001522666667
1053.169,-0.00182936
1053.464,-0.001496046667
1053.76,-0.0025694
1054.055,-0.003356093333
1054.35,-0.002609446667
1054.645,-0.0014628
1054.941,-0.001169486667
1055.236,-0.00055618
1055.531,-0.002229533333
1055.826,-0.002469553333
1056.122,-0.001236246667
1056.417,-0.001462933333
1056.712,-0.001422953333
1057.007,-0.00158298
1057.302,-0.001416333333
1057.598,-0.003429686667
1057.893,-0.002356373333
1058.188,-0.0008564
1058.483,-0.001109753333
1058.779,-0.002109773333
1059.074,-0.00355646
1059.369,-0.00372982
1059.664,-0.002356506667
1059.96,-0.0007165266667
1060.255,-0.001003213333
1060.55,-0.00050324
1060.845,-0.001109926667
1061.14,-0.001476613333
1061.436,-0.001476633333
1061.731,-0.001609993333
1062.026,-0.0008833466667
1062.321,-0.0002500333333
1062.617,0.00003661333333
1062.912,-0.0001367466667
1063.207,0.00003656666667
1063.502,-0.002396786667
1063.798,-0.002036806667
1064.093,-0.0016235
1064.388,-0.001756853333
1064.683,-0.001296873333
1064.978,-0.001650226667
1065.274,-0.0005969133333
1065.569,-0.00153694
1065.864,-0.001590293333
1066.159,-0.001183646667
1066.455,-0.001950333333
1066.75,-0.002050353333
1067.045,-0.001683713333
1067.34,-0.0002637333333
1067.636,0.00003624666667
1067.931,-0.001737106667
1068.226,-0.00183046
1068.521,-0.00021048
1068.817,0.00003616
1069.112,0.00003614
1069.407,-0.00068388
1069.702,-0.0009305666667
1069.997,0.00003608
1070.293,0.00003606
1070.588,-0.002210633333
1070.883,-0.002643986667
1071.178,-0.0008306733333
1071.474,0.00003597333333
1071.769,-0.001610713333
1072.064,-0.002484066667
1072.359,-0.00221742
1072.655,-0.00187078
1072.95,-0.003257466667
1073.245,-0.001637486667
1073.54,-0.001224173333
1073.836,-0.001764193333
1074.131,-0.002157546667
1074.426,-0.0016709
1074.721,-0.001564253333
1075.016,0.00003572
1075.312,0.0000357
1075.607,-0.00118432
1075.902,-0.00172434
1076.197,-0.001937693333
1076.493,-0.00266438
1076.788,-0.002351066667
1077.083,-0.001057753333
1077.378,-0.0008911066667
1077.674,-0.002177793333
1077.969,-0.001224486667
1078.264,-0.0001111733333
1078.559,-0.0008645266667
1078.854,-0.001591213333
1079.15,-0.0029979
1079.445,-0.002504586667
1079.74,-0.0007512733333
1080.035,-0.001744626667
1080.331,-0.003784646667
1080.626,-0.002824666667
1080.921,-0.0008113533333
1081.216,-0.002711373333
1081.512,-0.00273806
1081.807,-0.0007447466667
1082.102,-0.0009781
1082.397,-0.0007581266667
1082.693,-0.001918146667
1082.988,-0.002138166667
1083.283,-0.0006048533333
1083.578,0.00003512666667
1083.873,-0.00177156
1084.169,-0.00173158
1084.464,-0.0008316
1084.759,-0.001698286667
1085.054,-0.001304973333
1085.35,-0.00133166
1085.645,-0.00145168
1085.94,-0.001265033333
1086.235,-0.00225172
1086.531,-0.0008850733333
1086.826,0.00003490666667
1087.121,-0.00285178
1087.416,-0.0019318
1087.711,-0.00115182
1088.007,-0.002065173333
1088.302,-0.004005193333
1088.597,-0.002605213333
1088.892,-0.0010719
1089.188,-0.00061192
1089.483,-0.001745273333
1089.778,-0.00019196
1090.073,-0.00002531333333
1090.369,0.00003466666667
1090.664,-0.0008586866667
1090.959,-0.003185373333
1091.254,-0.001258726667
1091.55,-0.0007054133333
1091.845,-0.002218766667
1092.14,-0.001958786667
1092.452,-0.001598806667
1092.764,-0.001158826667
1093.076,-0.00077218
1093.388,-0.00201886
1093.7,-0.002372213333
1094.012,-0.001292233333
1094.324,-0.0005655866667
1094.636,-0.00361894
1094.948,-0.00213896
1095.26,-0.001532313333
1095.572,-0.0003723333333
1095.884,-0.0006923533333
1096.196,-0.00171904
1096.508,0.00001427333333
1096.82,0.00003425333333
1097.132,-0.0007257666667
1097.444,-0.001525786667
1097.756,-0.00197914
1098.068,-0.001812486667
1098.38,-0.00258584
1098.692,-0.00186586
1099.004,-0.001259213333
1099.316,-0.002479233333
1099.628,-0.00258592
1099.94,-0.00070594
1100.252,0.00003404
1100.564,-0.0005193133333
1100.877,-0.001566
1101.189,-0.0005793466667
1101.501,-0.0009993666667
1101.813,-0.0008793866667
1102.125,0.00003392666667
1102.437,-0.001079426667
1102.749,-0.00017278
1103.061,-0.0005261333333
1103.373,-0.0007661533333
1103.685,-0.00199284
1103.997,-0.002032853333
1104.309,-0.0003528733333
1104.621,0.00003377333333
1104.933,-0.0006462466667
1105.245,-0.0006129333333
1105.557,-0.00315962
1105.869,-0.003132973333
1106.181,-0.002492986667
1106.493,-0.00086634
1106.805,0.00003364
1107.117,-0.001773046667
1107.429,-0.002213066667
1107.741,-0.0008330866667
1108.053,-0.0008731
1108.365,-0.002819786667
1108.677,-0.002819806667
1108.989,-0.002039826667
1109.301,-0.0006665133333
1109.613,-0.001986533333
1109.925,-0.002286546667
1110.237,-0.0013599
1110.549,-0.00145992
1110.861,-0.0001666066667
1111.173,-0.0005466266667
1111.485,0.00003335333333
1111.797,-0.001879993333
1112.109,-0.002360013333
1112.421,-0.001473366667
1112.733,-0.001173386667
1113.045,-0.00102674
1113.357,-0.002506753333
1113.669,-0.002286773333
1113.981,-0.00113346
1114.293,-0.002306813333
1114.605,-0.00428016
1114.917,-0.002406846667
1115.229,-0.001566866667
1115.541,-0.0008135533333
1115.853,-0.003593573333
1116.165,-0.00230692
1116.477,-0.00156694
1116.789,-0.001800293333
1117.101,-0.001553646667
1117.413,0.00003300666667
1117.725,-0.00017368
1118.037,-0.004220366667
1118.349,-0.003760386667
1118.662,-0.0002070733333
1118.974,0.00003291333333
1119.286,-0.00166044
1119.598,-0.002167126667
1119.91,-0.00076048
1120.222,-0.0003338266667
1120.534,-0.00120718
1120.846,-0.0011672
1121.158,0.00001278666667
1121.47,0.00003276666667
1121.782,-0.0002805866667
1122.094,-0.0005206066667
1122.406,-0.002047286667
1122.718,-0.002167306667
1123.03,-0.003347326667
1123.342,-0.001467346667
1123.654,-0.00046736
1123.966,-0.00128738
1124.278,-0.0009007333333
1124.59,-0.003127413333
1124.902,-0.001320766667
1125.214,-0.0009474533333
1125.526,-0.0004474733333
1125.838,-0.0004274866667
1126.15,-0.00098084
1126.462,-0.001414193333
1126.774,-0.003454206667
1127.086,-0.004760893333
1127.398,-0.002074246667
1127.71,-0.0004542666667
1128.022,-0.001100946667
1128.334,-0.0022943
1128.646,-0.001627653333
1128.958,-0.000701
1129.27,0.000005646666667
1129.582,0.00003229333333
1129.894,-0.00090772
1130.206,-0.0002944066667
1130.518,-0.0009344266667
1130.83,-0.00119444
1131.142,-0.0007611266667
1131.454,-0.001247813333
1131.766,-0.003634493333
1132.078,-0.00254118
1132.39,-0.0005012
1132.702,-0.0006212133333
1133.014,-0.002461233333
1133.326,-0.002854586667
1133.638,-0.0013146
1133.95,-0.0006212866667
1134.262,-0.001581306667
1134.574,-0.002127986667
1134.886,-0.002048006667
1135.198,-0.001381353333
1135.51,0.00003196
1135.822,-0.001294726667
1136.134,-0.001121406667
1136.447,0.00003190666667
1136.759,-0.0007481133333
1137.071,-0.00182146
1137.383,-0.00086148
1137.695,-0.001074833333
1138.007,-0.0006415133333
1138.319,-0.001994866667
1138.631,-0.001281546667
1138.943,0.00003176666667
1139.255,-0.001341586667
1139.567,-0.003474933333
1139.879,-0.00214162
1140.191,-0.002021633333
1140.503,-0.00138832
1140.815,-0.001841673333
1141.127,-0.002228353333
1141.439,-0.00223504
1141.751,-0.001235053333
1142.063,-0.0009150733333
1142.375,-0.00120176
1142.687,-0.001501773333
1142.999,-0.001535126667
1143.311,-0.001948473333
1143.623,-0.0008618266667
1143.935,-0.00067518
1144.247,-0.001755193333
1144.559,-0.00132188
1144.871,-0.002015226667
1145.183,-0.001821913333
1145.495,-0.0008219266667
1145.807,-0.00109528
1146.119,-0.002328633333
1146.431,-0.002008646667
1146.743,-0.001275333333
1147.055,-0.001082013333
1147.367,-0.0009953666667
1147.679,0.00003128666667
1147.991,-0.002042066667
1148.303,-0.002195413333
1148.615,-0.0010221
1148.927,-0.00012878
1149.239,-0.0007421333333
1149.551,-0.002035486667
1149.863,-0.0016955
1150.175,-0.001302186667
1150.487,-0.001028866667
1150.799,-0.00226222
1151.111,-0.0007355666667
1151.423,-0.001215586667
1151.735,-0.001922266667
1152.047,-0.002722286667
1152.359,-0.0014223
1152.671,-0.0006289866667
1152.983,-0.001182333333
1153.295,-0.001942353333
1153.607,-0.002209033333
1153.92,-0.001569053333
1154.232,-0.0023024
1154.544,-0.001909086667
1154.856,-0.0004557666667
1155.168,-0.001175786667
1155.48,-0.003289133333
1155.792,-0.003482486667
1156.104,-0.001129173333
1156.416,-0.0008691866667
1156.728,-0.0007092
1157.04,-0.00020922
1157.352,-0.0002359
1157.664,-0.0007692533333
1157.976,-0.002069266667
1158.288,-0.001835953333
1158.6,-0.001102633333
1158.912,-0.00158932
1159.224,-0.001782666667
1159.536,-0.002589353333
1159.848,-0.002289366667
1160.16,0.00003061333333
1160.472,-0.0019694
1160.784,-0.00306942
1161.096,-0.002362766667
1161.408,-0.002282786667
1161.72,-0.0020028
1162.032,-0.00364282
1162.344,-0.001562833333
1162.656,-0.0008028533333
1162.968,-0.001502866667
1163.28,-0.00216288
1163.592,-0.0011429
1163.904,-0.00088958
1164.216,-0.0003096
1164.528,-0.001009613333
1164.84,-0.001502966667
1165.152,-0.001109646667
1165.464,-0.0007696666667
1165.776,-0.0004163466667
1166.088,-0.0007430266667
1166.4,-0.00173638
1166.712,-0.001549726667
1167.024,-0.001909746667
1167.336,-0.001463093333
1167.648,-0.0009564466667
1167.96,-0.002189793333
1168.272,-0.002916473333
1168.584,-0.002036493333
1168.896,-0.001423173333
1169.208,0.00001014
1169.52,-0.0006432066667
1169.832,-0.001263226667
1170.144,-0.00058324
1170.456,-0.00018992
1170.768,-0.001416606667
1171.08,-0.00255662
1171.392,-0.0003299733333
1171.705,-0.00106332
1172.017,-0.001576666667
1172.329,-0.002743353333
1172.641,-0.002163366667
1172.953,-0.00008338666667
1173.265,0.00002993333333
1173.577,-0.0006167466667
1173.889,-0.0004767666667
1174.201,-0.00361678
1174.513,-0.002116793333
1174.825,-0.001150146667
1175.137,-0.001396826667
1175.449,-0.002043513333
1175.761,-0.001170193333
1176.073,-0.001116873333
1176.385,-0.001336893333
1176.697,-0.001116906667
1177.009,-0.00161692
1177.321,-0.0006636066667
1177.633,-0.0008902866667
1177.945,-0.001290306667
1178.257,-0.001416986667
1178.569,-0.001657
1178.881,-0.0009036866667
1179.193,-0.002010366667
1179.505,-0.00195038
1179.817,-0.0006837333333
1180.129,-0.001423746667
1180.441,-0.003190426667
1180.753,-0.001290446667
1181.065,-0.00137046
1181.377,0.00002952666667
1181.689,-0.00019716
1182.001,-0.001037173333
1182.313,-0.00037052
1182.625,-0.00027054
1182.937,-0.003590553333
1183.249,-0.001590566667
1183.561,-0.001090586667
1183.873,-0.0010706
1184.185,-0.001143946667
1184.497,-0.001970633333
1184.809,-0.001377313333
1185.121,-0.0008573266667
1185.433,-0.003337346667
1185.745,-0.00215736
1186.057,-0.00070404
1186.369,-0.00116406
1186.681,-0.002424073333
1186.993,-0.00405742
1187.305,-0.002710773333
1187.617,-0.00118412
1187.929,-0.0019308
1188.241,-0.002844153333
1188.553,-0.0009241666667
1188.865,0.000009153333333
1189.178,0.00002914
1189.49,-0.001264213333
1189.802,-0.001170893333
1190.114,-0.0001975733333
1190.426,-0.00006426
1190.738,-0.00125094
1191.05,-0.00105762
1191.362,-0.0007976333333
1191.674,0.00002901333333
1191.986,-0.001384333333
1192.298,-0.001424346667
1192.61,-0.0010377
1192.922,-0.001077713333
1193.234,-0.001197726667
1193.546,-0.00065774
1193.858,-0.00123776
1194.17,-0.002591106667
1194.482,-0.00207112
1194.794,-0.0009644666667
1195.106,-0.001931153333
1195.418,-0.004411166667
1195.73,-0.005004513333
1196.042,-0.0020912
1196.354,0.00002878666667
1196.666,0.00002877333333
1196.978,-0.001437906667
1197.29,-0.001204593333
1197.602,-0.001444606667
1197.914,-0.001637953333
1198.226,-0.002064633333
1198.538,-0.00261132
1198.85,-0.001638
1199.162,-0.00166468
1199.474,-0.0001846933333
1199.786,0.00002862
1200.098,0