Wavelength (nm),500ppb_500ms
196.85,13.50
196.98,16.52
197.10,9.54
197.23,6.56
197.36,25.58
197.48,21.60
197.61,12.63
197.74,8.65
197.87,15.67
197.99,16.69
198.12,21.71
198.25,16.73
198.38,17.76
198.50,18.78
198.63,17.80
198.76,16.82
198.89,9.84
199.01,13.87
199.14,21.89
199.27,16.91
199.40,21.93
199.52,18.96
199.65,13.98
199.78,17.00
199.91,26.03
200.03,16.05
200.16,5.07
200.29,5.10
200.42,12.12
200.54,12.14
200.67,6.17
200.80,12.19
200.93,23.21
201.05,26.24
201.18,24.26
201.31,12.28
201.44,11.31
201.56,22.33
201.69,19.36
201.82,3.38
201.95,6.40
202.07,13.43
202.20,9.45
202.33,4.48
202.46,15.50
202.58,19.53
202.71,17.55
202.84,13.58
202.97,21.60
203.09,19.63
203.22,15.65
203.35,16.68
203.48,18.70
203.61,23.73
203.73,29.75
203.86,3.78
203.99,2.80
204.12,12.83
204.24,1.85
204.37,2.88
204.50,13.90
204.63,15.93
204.75,13.95
204.88,22.98
205.01,28.01
205.14,20.03
205.27,11.06
205.39,9.08
205.52,10.11
205.65,7.13
205.78,12.16
205.90,12.19
206.03,22.21
206.16,15.24
206.29,7.26
206.42,-5.71
206.54,-1.68
206.67,22.34
206.80,27.37
206.93,10.40
207.06,10.42
207.18,17.45
207.31,17.47
207.44,16.50
207.57,7.53
207.69,11.55
207.82,18.58
207.95,17.61
208.08,15.63
208.21,9.66
208.33,13.69
208.46,14.71
208.59,13.74
208.72,7.77
208.85,8.79
208.97,13.82
209.10,25.85
209.23,23.87
209.36,17.90
209.49,14.93
209.61,10.95
209.74,11.98
209.87,15.01
210.00,17.03
210.13,19.06
210.25,18.09
210.38,20.12
210.51,7.14
210.64,8.17
210.77,19.20
210.89,18.22
211.02,8.25
211.15,8.28
211.28,18.30
211.41,21.33
211.54,20.36
211.66,23.39
211.79,23.41
211.92,21.44
212.05,16.47
212.18,13.49
212.30,9.52
212.43,9.55
212.56,15.58
212.69,14.60
212.82,16.63
212.95,15.66
213.07,19.68
213.20,21.71
213.33,15.74
213.46,18.77
213.59,13.79
213.71,9.82
213.84,10.85
213.97,9.87
214.10,9.90
214.23,15.93
214.36,16.96
214.48,19.98
214.61,17.01
214.74,17.04
214.87,9.06
215.00,12.09
215.13,22.12
215.25,20.15
215.38,11.17
215.51,18.20
215.64,21.23
215.77,13.25
215.90,11.28
216.02,22.31
216.15,25.34
216.28,18.36
216.41,14.39
216.54,14.42
216.67,13.44
216.79,18.47
216.92,11.50
217.05,10.52
217.18,15.55
217.31,18.58
217.44,20.60
217.57,18.63
217.69,15.66
217.82,13.69
217.95,12.71
218.08,3.74
218.21,-1.24
218.34,11.79
218.46,17.82
218.59,11.85
218.72,12.87
218.85,23.90
218.98,25.93
219.11,17.95
219.24,16.98
219.36,15.01
219.49,15.03
219.62,25.06
219.75,24.09
219.88,16.11
220.01,13.14
220.14,23.16
220.26,23.19
220.39,13.22
220.52,16.24
220.65,23.27
220.78,15.30
220.91,19.32
221.04,14.35
221.17,15.38
221.29,12.40
221.42,17.43
221.55,18.45
221.68,19.48
221.81,20.51
221.94,20.53
222.07,13.56
222.19,8.58
222.32,17.61
222.45,15.64
222.58,11.66
222.71,23.69
222.84,20.71
222.97,21.74
223.10,20.77
223.22,14.79
223.35,11.82
223.48,15.84
223.61,8.87
223.74,12.89
223.87,9.92
224.00,12.95
224.13,13.97
224.26,14.00
224.38,14.02
224.51,12.05
224.64,16.07
224.77,15.10
224.90,6.12
225.03,13.15
225.16,11.17
225.29,20.20
225.42,11.22
225.54,11.25
225.67,19.27
225.80,13.30
225.93,12.32
226.06,19.35
226.19,13.37
226.32,12.40
226.45,19.42
226.58,17.45
226.70,13.47
226.83,10.50
226.96,9.52
227.09,14.55
227.22,16.57
227.35,19.60
227.48,17.62
227.61,20.65
227.74,20.67
227.87,19.70
227.99,9.72
228.12,12.74
228.25,15.77
228.38,16.79
228.51,6.82
228.64,15.84
228.77,25.87
228.90,21.89
229.03,12.91
229.16,12.94
229.29,15.96
229.41,30.99
229.54,21.01
229.67,23.03
229.80,19.06
229.93,19.08
230.06,22.10
230.19,23.13
230.32,17.15
230.45,20.18
230.58,28.20
230.71,18.22
230.84,12.25
230.96,20.27
231.09,17.29
231.22,17.32
231.35,14.34
231.48,15.36
231.61,29.39
231.74,23.41
231.87,16.43
232.00,19.46
232.13,10.48
232.26,6.50
232.39,15.52
232.52,22.55
232.64,24.57
232.77,28.59
232.90,21.62
233.03,17.64
233.16,14.66
233.29,13.68
233.42,18.71
233.55,16.73
233.68,2.75
233.81,11.77
233.94,15.80
234.07,13.82
234.20,19.84
234.33,20.86
234.46,13.89
234.59,13.91
234.71,20.93
234.84,19.95
234.97,6.97
235.10,13.00
235.23,17.02
235.36,14.04
235.49,11.06
235.62,10.08
235.75,8.10
235.88,29.13
236.01,30.15
236.14,20.17
236.27,20.19
236.40,15.21
236.53,32.23
236.66,22.26
236.79,10.28
236.92,22.30
237.05,22.32
237.17,20.34
237.30,26.36
237.43,20.38
237.56,17.41
237.69,13.43
237.82,19.45
237.95,14.47
238.08,21.49
238.21,28.51
238.34,28.53
238.47,20.55
238.60,4.57
238.73,10.59
238.86,22.61
238.99,21.63
239.12,15.66
239.25,8.68
239.38,16.70
239.51,19.72
239.64,11.74
239.77,9.76
239.90,11.78
240.03,19.80
240.16,24.82
240.29,30.84
240.42,20.86
240.55,14.88
240.68,19.90
240.81,20.92
240.93,21.94
241.06,19.96
241.19,13.98
241.32,17.00
241.45,37.02
241.58,28.04
241.71,16.06
241.84,20.08
241.97,20.10
242.10,20.12
242.23,15.14
242.36,11.15
242.49,17.17
242.62,22.19
242.75,9.21
242.88,5.23
243.01,16.25
243.14,27.27
243.27,18.29
243.40,11.31
243.53,13.33
243.66,6.35
243.79,9.37
243.92,21.38
244.05,18.40
244.18,19.42
244.31,15.44
244.44,19.46
244.57,15.48
244.70,16.50
244.83,16.52
244.96,6.53
245.09,7.55
245.22,24.57
245.35,22.59
245.48,15.61
245.61,21.63
245.74,18.64
245.87,14.66
246.00,16.68
246.13,18.70
246.26,24.72
246.39,14.73
246.52,16.75
246.65,12.77
246.78,20.79
246.91,16.81
247.04,18.82
247.17,17.84
247.30,18.86
247.43,15.88
247.56,14.90
247.69,20.91
247.82,15.93
247.95,11.95
248.08,29.97
248.21,19.98
248.34,19.00
248.47,20.02
248.60,17.04
248.73,10.05
248.86,14.07
248.99,19.09
249.12,21.10
249.25,21.12
249.38,25.14
249.51,21.16
249.64,27.17
249.78,22.19
249.91,22.21
250.04,23.22
250.17,22.24
250.30,16.26
250.43,27.27
250.56,37.29
250.69,35.31
250.82,26.32
250.95,25.34
251.08,14.36
251.21,16.37
251.34,24.39
251.47,20.41
251.60,20.42
251.73,27.44
251.86,16.45
251.99,26.47
252.12,23.49
252.25,12.50
252.38,10.52
252.51,17.54
252.64,23.55
252.77,23.57
252.90,27.58
253.03,28.60
253.16,20.61
253.29,30.63
253.42,20.65
253.56,5.66
253.69,17.68
253.82,27.69
253.95,23.71
254.08,20.72
254.21,17.74
254.34,15.76
254.47,13.77
254.60,14.79
254.73,13.80
254.86,19.82
254.99,17.83
255.12,15.85
255.25,24.86
255.38,25.88
255.51,19.89
255.64,18.91
255.77,13.92
255.90,19.94
256.04,20.95
256.17,18.97
256.30,24.98
256.43,22.00
256.56,17.01
256.69,7.03
256.82,14.04
256.95,20.06
257.08,17.07
257.21,29.09
257.34,30.10
257.47,27.12
257.60,25.13
257.73,16.15
257.86,11.16
257.99,20.17
258.13,20.19
258.26,21.20
258.39,28.22
258.52,28.23
258.65,21.25
258.78,13.26
258.91,12.27
259.04,16.29
259.17,15.30
259.30,12.32
259.43,13.33
259.56,16.34
259.69,16.36
259.83,7.37
259.96,15.39
260.09,24.40
260.22,27.41
260.35,26.43
260.48,23.44
260.61,16.45
260.74,24.47
260.87,20.48
261.00,15.50
261.13,21.51
261.26,17.52
261.40,11.54
261.53,26.55
261.66,26.56
261.79,16.58
261.92,13.59
262.05,26.60
262.18,27.62
262.31,19.63
262.44,23.64
262.57,26.66
262.70,19.67
262.84,22.68
262.97,21.70
263.10,17.71
263.23,26.72
263.36,30.73
263.49,21.75
263.62,16.76
263.75,18.77
263.88,15.79
264.01,12.80
264.15,22.81
264.28,25.82
264.41,20.84
264.54,32.85
264.67,21.86
264.80,26.88
264.93,25.89
265.06,9.90
265.19,12.91
265.32,32.93
265.46,30.94
265.59,20.95
265.72,22.96
265.85,30.97
265.98,20.99
266.11,20.00
266.24,15.01
266.37,10.02
266.51,18.04
266.64,24.05
266.77,27.06
266.90,29.07
267.03,22.08
267.16,22.10
267.29,30.11
267.42,33.12
267.55,17.13
267.69,27.14
267.82,25.16
267.95,12.17
268.08,17.18
268.21,17.19
268.34,11.20
268.47,23.22
268.60,20.23
268.74,22.24
268.87,26.25
269.00,28.26
269.13,14.27
269.26,13.29
269.39,26.30
269.52,16.31
269.66,9.32
269.79,21.33
269.92,24.34
270.05,25.35
270.18,25.37
270.31,20.38
270.44,22.39
270.57,21.40
270.71,19.41
270.84,32.42
270.97,31.43
271.10,31.44
271.23,28.45
271.36,21.47
271.49,25.48
271.63,28.49
271.76,14.50
271.89,18.51
272.02,27.52
272.15,27.53
272.28,33.54
272.41,42.55
272.55,32.56
272.68,26.58
272.81,22.59
272.94,17.60
273.07,4.61
273.20,16.62
273.34,18.63
273.47,14.64
273.60,6.65
273.73,18.66
273.86,19.67
273.99,23.68
274.12,30.69
274.26,29.70
274.39,26.71
274.52,30.72
274.65,18.73
274.78,13.74
274.91,17.75
275.05,23.76
275.18,16.78
275.31,28.79
275.44,30.80
275.57,23.81
275.70,18.82
275.84,26.83
275.97,23.84
276.10,26.85
276.23,22.86
276.36,22.87
276.49,25.88
276.63,26.89
276.76,18.90
276.89,9.91
277.02,9.92
277.15,19.93
277.28,20.94
277.42,14.95
277.55,15.96
277.68,26.97
277.81,27.98
277.94,28.98
278.08,21.99
278.21,29.00
278.34,27.01
278.47,26.02
278.60,25.03
278.73,28.04
278.87,21.05
279.00,19.06
279.13,19.07
279.26,25.08
279.39,27.09
279.53,28.10
279.66,25.11
279.79,22.12
279.92,23.13
280.05,31.14
280.18,28.15
280.32,25.16
280.45,24.17
280.58,23.17
280.71,33.18
280.84,30.19
280.98,19.20
281.11,23.21
281.24,26.22
281.37,31.23
281.50,27.24
281.64,22.25
281.77,28.26
281.90,33.27
282.03,26.27
282.16,27.28
282.30,20.29
282.43,18.30
282.56,21.31
282.69,21.32
282.82,22.33
282.96,25.34
283.09,27.35
283.22,28.35
283.35,27.36
283.48,19.37
283.62,20.38
283.75,23.39
283.88,30.40
284.01,21.41
284.14,20.42
284.28,36.42
284.41,24.43
284.54,22.44
284.67,39.45
284.81,32.46
284.94,27.47
285.07,22.48
285.20,27.48
285.33,23.49
285.47,16.50
285.60,20.51
285.73,33.52
285.86,38.53
286.00,29.53
286.13,19.54
286.26,24.55
286.39,24.56
286.52,22.57
286.66,23.58
286.79,27.58
286.92,32.59
287.05,31.60
287.19,29.61
287.32,22.62
287.45,18.62
287.58,26.63
287.71,28.64
287.85,10.65
287.98,15.66
288.11,20.67
288.24,14.67
288.38,27.68
288.51,35.69
288.64,32.70
288.77,34.71
288.91,22.71
289.04,22.72
289.17,33.73
289.30,36.74
289.44,45.74
289.57,36.75
289.70,21.76
289.83,29.77
289.97,28.78
290.10,28.78
290.23,29.79
290.36,25.80
290.49,29.81
290.63,23.81
290.76,24.82
290.89,34.83
291.02,21.84
291.16,29.84
291.29,16.85
291.42,14.86
291.55,27.87
291.69,30.87
291.82,38.88
291.95,43.89
292.08,34.90
292.22,32.90
292.35,35.91
292.48,28.92
292.62,27.93
292.75,37.93
292.88,42.94
293.01,39.95
293.15,38.96
293.28,41.96
293.41,33.97
293.54,31.98
293.68,29.98
293.81,32.99
293.94,45.00
294.07,48.01
294.21,40.01
294.34,36.02
294.47,39.03
294.60,44.03
294.74,46.04
294.87,47.05
295.00,44.06
295.14,44.06
295.27,43.07
295.40,41.08
295.53,31.08
295.67,35.09
295.80,48.10
295.93,48.10
296.06,45.11
296.20,53.12
296.33,53.13
296.46,47.13
296.60,29.14
296.73,37.15
296.86,36.15
296.99,33.16
297.13,34.17
297.26,40.17
297.39,40.18
297.53,46.19
297.66,41.19
297.79,41.20
297.92,26.21
298.06,21.21
298.19,29.22
298.32,28.23
298.46,34.23
298.59,34.24
298.72,19.25
298.85,26.25
298.99,39.26
299.12,28.27
299.25,18.27
299.39,28.28
299.52,33.29
299.65,16.29
299.78,22.30
299.92,47.30
300.05,43.31
300.18,37.32
300.32,42.32
300.45,34.33
300.58,22.34
300.72,30.34
300.85,23.35
300.98,23.36
301.11,29.36
301.25,26.37
301.38,20.37
301.51,32.38
301.65,39.39
301.78,30.39
301.91,25.40
302.05,30.41
302.18,29.41
302.31,36.42
302.45,31.42
302.58,32.43
302.71,31.44
302.84,27.44
302.98,20.45
303.11,28.46
303.24,30.46
303.38,29.47
303.51,27.47
303.64,27.48
303.78,33.49
303.91,41.49
304.04,36.50
304.18,29.50
304.31,31.51
304.44,37.52
304.58,28.52
304.71,26.53
304.84,26.53
304.98,32.54
305.11,35.54
305.24,26.55
305.38,27.56
305.51,40.56
305.64,28.57
305.78,22.57
305.91,34.58
306.04,41.59
306.18,35.59
306.31,28.60
306.44,28.60
306.58,28.61
306.71,40.61
306.84,42.62
306.98,33.63
307.11,28.63
307.24,27.64
307.38,34.64
307.51,40.65
307.64,37.65
307.78,33.66
307.91,34.66
308.04,39.67
308.18,33.68
308.31,31.68
308.44,37.69
308.58,32.69
308.71,29.70
308.84,28.70
308.98,36.71
309.11,41.71
309.24,43.72
309.38,30.73
309.51,30.73
309.64,40.74
309.78,42.74
309.91,36.75
310.04,39.75
310.18,40.76
310.31,43.76
310.44,41.77
310.58,42.77
310.71,38.78
310.85,52.78
310.98,55.79
311.11,38.80
311.25,40.80
311.38,38.81
311.51,46.81
311.65,51.82
311.78,52.82
311.91,57.83
312.05,50.83
312.18,51.84
312.32,52.84
312.45,46.85
312.58,51.85
312.72,46.86
312.85,46.86
312.98,54.87
313.12,58.87
313.25,63.88
313.38,81.88
313.52,80.89
313.65,70.89
313.79,71.90
313.92,73.90
314.05,72.91
314.19,68.91
314.32,72.92
314.45,71.92
314.59,68.93
314.72,69.93
314.86,71.94
314.99,64.94
315.12,63.95
315.26,80.95
315.39,80.96
315.52,58.96
315.66,69.97
315.79,83.97
315.93,81.98
316.06,80.98
316.19,80.99
316.33,78.99
316.46,88.00
316.60,91.00
316.73,83.01
316.86,80.01
317.00,94.02
317.13,106.02
317.26,103.03
317.40,100.03
317.53,104.04
317.67,107.04
317.80,112.04
317.93,107.05
318.07,101.05
318.20,108.06
318.34,120.06
318.47,114.07
318.60,120.07
318.74,114.08
318.87,118.08
319.01,123.09
319.14,122.09
319.27,119.10
319.41,110.10
319.54,119.11
319.68,125.11
319.81,126.11
319.94,145.12
320.08,143.12
320.21,134.13
320.35,139.13
320.48,142.14
320.61,132.14
320.75,136.15
320.88,146.15
321.02,146.15
321.15,142.16
321.28,145.16
321.42,145.17
321.55,149.17
321.69,153.18
321.82,160.18
321.96,168.19
322.09,168.19
322.22,167.19
322.36,167.20
322.49,163.20
322.63,170.21
322.76,168.21
322.89,178.22
323.03,169.22
323.16,177.23
323.30,186.23
323.43,188.23
323.57,190.24
323.70,203.24
323.83,193.25
323.97,189.25
324.10,201.26
324.24,203.26
324.37,186.26
324.51,193.27
324.64,205.27
324.77,206.28
324.91,201.28
325.04,214.28
325.18,218.29
325.31,215.29
325.45,214.30
325.58,221.30
325.71,219.31
325.85,221.31
325.98,229.31
326.12,226.32
326.25,223.32
326.39,227.33
326.52,220.33
326.65,236.33
326.79,237.34
326.92,228.34
327.06,229.35
327.19,243.35
327.33,237.35
327.46,247.36
327.60,250.36
327.73,254.37
327.86,253.37
328.00,251.37
328.13,245.38
328.27,252.38
328.40,260.39
328.54,263.39
328.67,255.39
328.81,250.40
328.94,267.40
329.08,276.41
329.21,270.41
329.34,280.41
329.48,270.42
329.61,270.42
329.75,269.43
329.88,274.43
330.02,289.43
330.15,285.44
330.29,284.44
330.42,286.44
330.56,289.45
330.69,288.45
330.82,287.46
330.96,279.46
331.09,285.46
331.23,298.47
331.36,292.47
331.50,291.48
331.63,303.48
331.77,314.48
331.90,308.49
332.04,304.49
332.17,294.49
332.31,296.50
332.44,303.50
332.58,307.51
332.71,301.51
332.84,312.51
332.98,320.52
333.11,322.52
333.25,319.52
333.38,318.53
333.52,318.53
333.65,322.53
333.79,318.54
333.92,325.54
334.06,334.55
334.19,330.55
334.33,328.55
334.46,335.56
334.60,336.56
334.73,339.56
334.87,335.57
335.00,330.57
335.14,349.57
335.27,345.58
335.41,341.58
335.54,352.58
335.68,350.59
335.81,354.59
335.95,360.60
336.08,359.60
336.22,347.60
336.35,348.61
336.49,361.61
336.62,356.61
336.76,358.62
336.89,373.62
337.03,379.62
337.16,376.63
337.29,374.63
337.43,373.63
337.56,378.64
337.70,377.64
337.83,375.64
337.97,372.65
338.10,373.65
338.24,391.65
338.37,386.66
338.51,387.66
338.64,397.66
338.78,392.67
338.92,382.67
339.05,380.67
339.19,386.68
339.32,384.68
339.46,386.68
339.59,390.69
339.73,396.69
339.86,397.69
340.00,391.70
340.13,404.70
340.27,393.70
340.40,392.71
340.54,400.71
340.67,403.71
340.81,402.72
340.94,408.72
341.08,414.72
341.21,404.73
341.35,407.73
341.48,430.73
341.62,423.74
341.75,415.74
341.89,422.74
342.02,427.75
342.16,414.75
342.29,415.75
342.43,414.76
342.56,417.76
342.70,426.76
342.83,433.77
342.97,426.77
343.11,420.77
343.24,412.78
343.38,418.78
343.51,424.78
343.65,427.78
343.78,426.79
343.92,432.79
344.05,438.79
344.19,435.80
344.32,431.80
344.46,427.80
344.59,425.81
344.73,417.81
344.86,421.81
345.00,437.82
345.14,442.82
345.27,442.82
345.41,422.82
345.54,429.83
345.68,430.83
345.81,423.83
345.95,434.84
346.08,433.84
346.22,432.84
346.35,450.85
346.49,449.85
346.62,436.85
346.76,430.85
346.90,438.86
347.03,443.86
347.17,445.86
347.30,443.87
347.44,449.87
347.57,443.87
347.71,440.88
347.84,437.88
347.98,448.88
348.12,457.88
348.25,446.89
348.39,437.89
348.52,442.89
348.66,440.90
348.79,445.90
348.93,445.90
349.06,451.90
349.20,450.91
349.34,453.91
349.47,462.91
349.61,467.92
349.74,449.92
349.88,449.92
350.01,455.93
350.15,462.93
350.28,463.93
350.42,468.93
350.56,466.94
350.69,460.94
350.83,463.94
350.96,465.94
351.10,463.95
351.23,463.95
351.37,461.95
351.51,463.96
351.64,470.96
351.78,477.96
351.91,468.96
352.05,462.97
352.18,467.97
352.32,470.97
352.46,469.98
352.59,461.98
352.73,465.98
352.86,469.98
353.00,460.99
353.13,471.99
353.27,482.99
353.41,474.99
353.54,466.00
353.68,470.00
353.81,469.00
353.95,461.01
354.09,462.01
354.22,461.01
354.36,466.01
354.49,463.02
354.63,456.02
354.77,457.02
354.90,457.02
355.04,463.03
355.17,459.03
355.31,446.03
355.44,448.03
355.58,448.04
355.72,448.04
355.85,458.04
355.99,454.05
356.12,449.05
356.26,444.05
356.40,445.05
356.53,443.06
356.67,441.06
356.80,438.06
356.94,437.06
357.08,434.07
357.21,429.07
357.35,433.07
357.48,436.07
357.62,440.08
357.76,429.08
357.89,428.08
358.03,435.08
358.16,430.09
358.30,428.09
358.44,429.09
358.57,424.09
358.71,421.10
358.84,426.10
358.98,419.10
359.12,412.10
359.25,414.11
359.39,413.11
359.53,409.11
359.66,405.11
359.80,405.12
359.93,413.12
360.07,410.12
360.21,408.12
360.34,402.13
360.48,402.13
360.61,403.13
360.75,404.13
360.89,412.14
361.02,417.14
361.16,404.14
361.30,387.14
361.43,392.15
361.57,400.15
361.70,402.15
361.84,399.15
361.98,387.16
362.11,382.16
362.25,382.16
362.39,388.16
362.52,394.16
362.66,399.17
362.79,396.17
362.93,395.17
363.07,387.17
363.20,379.18
363.34,393.18
363.48,400.18
363.61,386.18
363.75,375.19
363.89,384.19
364.02,402.19
364.16,395.19
364.29,391.20
364.43,382.20
364.57,391.20
364.70,396.20
364.84,382.20
364.98,375.21
365.11,380.21
365.25,380.21
365.39,389.21
365.52,393.22
365.66,382.22
365.80,373.22
365.93,379.22
366.07,372.23
366.20,371.23
366.34,376.23
366.48,380.23
366.61,383.23
366.75,394.24
366.89,383.24
367.02,386.24
367.16,378.24
367.30,370.25
367.43,365.25
367.57,366.25
367.71,365.25
367.84,367.25
367.98,370.26
368.12,382.26
368.25,381.26
368.39,373.26
368.53,373.27
368.66,371.27
368.80,365.27
368.94,370.27
369.07,370.27
369.21,365.28
369.35,368.28
369.48,379.28
369.62,373.28
369.76,373.29
369.89,361.29
370.03,359.29
370.17,366.29
370.30,365.29
370.44,352.30
370.58,363.30
370.71,368.30
370.85,356.30
370.99,361.30
371.12,360.31
371.26,368.31
371.40,365.31
371.53,351.31
371.67,347.32
371.81,347.32
371.94,362.32
372.08,363.32
372.22,367.32
372.35,361.33
372.49,355.33
372.63,349.33
372.76,358.33
372.90,352.33
373.04,340.34
373.18,339.34
373.31,352.34
373.45,354.34
373.59,356.34
373.72,343.35
373.86,337.35
374.00,350.35
374.13,352.35
374.27,335.35
374.41,337.36
374.54,339.36
374.68,331.36
374.82,332.36
374.95,347.36
375.09,337.37
375.23,335.37
375.37,328.37
375.50,336.37
375.64,334.37
375.78,327.38
375.91,323.38
376.05,329.38
376.19,329.38
376.32,326.38
376.46,336.39
376.60,338.39
376.74,319.39
376.87,332.39
377.01,337.39
377.15,327.40
377.28,315.40
377.42,321.40
377.56,320.40
377.70,315.40
377.83,324.41
377.97,323.41
378.11,318.41
378.24,326.41
378.38,319.41
378.52,312.42
378.66,313.42
378.79,317.42
378.93,318.42
379.07,327.42
379.20,324.43
379.34,309.43
379.48,300.43
379.62,305.43
379.75,308.43
379.89,301.44
380.03,316.44
380.16,311.44
380.30,300.44
380.44,314.44
380.58,314.44
380.71,307.45
380.85,317.45
380.99,314.45
381.12,293.45
381.26,301.45
381.40,297.46
381.54,289.46
381.67,303.46
381.81,308.46
381.95,295.46
382.09,302.47
382.22,304.47
382.36,294.47
382.50,295.47
382.64,301.47
382.77,291.47
382.91,286.48
383.05,293.48
383.18,295.48
383.32,302.48
383.46,286.48
383.60,280.49
383.73,296.49
383.87,299.49
384.01,293.49
384.15,291.49
384.28,297.49
384.42,299.50
384.56,293.50
384.70,285.50
384.83,279.50
384.97,285.50
385.11,292.50
385.25,295.51
385.38,288.51
385.52,281.51
385.66,280.51
385.80,282.51
385.93,281.52
386.07,275.52
386.21,286.52
386.35,280.52
386.48,274.52
386.62,277.52
386.76,282.53
386.90,281.53
387.03,271.53
387.17,268.53
387.31,262.53
387.45,264.53
387.58,269.54
387.72,266.54
387.86,275.54
388.00,273.54
388.13,264.54
388.27,267.54
388.41,265.55
388.55,259.55
388.69,261.55
388.82,256.55
388.96,248.55
389.10,257.55
389.24,258.56
389.37,259.56
389.51,257.56
389.65,258.56
389.79,261.56
389.92,252.57
390.06,263.57
390.20,256.57
390.34,241.57
390.48,240.57
390.61,241.57
390.75,240.57
390.89,249.58
391.03,251.58
391.16,249.58
391.30,248.58
391.44,249.58
391.58,243.58
391.72,236.59
391.85,239.59
391.99,241.59
392.13,241.59
392.27,243.59
392.40,230.59
392.54,232.60
392.68,236.60
392.82,235.60
392.96,231.60
393.09,233.60
393.23,225.60
393.37,220.61
393.51,222.61
393.65,213.61
393.78,211.61
393.92,225.61
394.06,233.61
394.20,230.62
394.34,223.62
394.47,222.62
394.61,214.62
394.75,211.62
394.89,217.62
395.03,226.62
395.16,219.63
395.30,223.63
395.44,218.63
395.58,214.63
395.72,212.63
395.85,212.63
395.99,204.64
396.13,201.64
396.27,206.64
396.41,208.64
396.54,200.64
396.68,206.64
396.82,205.65
396.96,195.65
397.10,188.65
397.23,194.65
397.37,195.65
397.51,190.65
397.65,190.65
397.79,199.66
397.92,202.66
398.06,202.66
398.20,203.66
398.34,200.66
398.48,188.66
398.62,187.66
398.75,188.67
398.89,190.67
399.03,187.67
399.17,186.67
399.31,183.67
399.44,184.67
399.58,198.68
399.72,185.68
399.86,183.68
400.00,195.68
400.14,191.68
400.27,178.68
400.41,178.68
400.55,180.69
400.69,177.69
400.83,191.69
400.97,188.69
401.10,164.69
401.24,159.69
401.38,170.69
401.52,172.70
401.66,169.70
401.80,174.70
401.93,183.70
402.07,171.70
402.21,178.70
402.35,171.70
402.49,163.71
402.63,168.71
402.76,176.71
402.90,162.71
403.04,157.71
403.18,159.71
403.32,161.71
403.46,166.72
403.59,167.72
403.73,167.72
403.87,168.72
404.01,152.72
404.15,147.72
404.29,151.72
404.43,156.73
404.56,163.73
404.70,166.73
404.84,155.73
404.98,157.73
405.12,157.73
405.26,159.73
405.39,170.74
405.53,162.74
405.67,149.74
405.81,152.74
405.95,157.74
406.09,156.74
406.23,150.74
406.36,149.75
406.50,155.75
406.64,146.75
406.78,137.75
406.92,140.75
407.06,142.75
407.20,142.75
407.33,140.75
407.47,138.76
407.61,144.76
407.75,140.76
407.89,140.76
408.03,144.76
408.17,148.76
408.31,148.76
408.44,140.77
408.58,138.77
408.72,142.77
408.86,138.77
409.00,135.77
409.14,134.77
409.28,123.77
409.41,126.77
409.55,141.78
409.69,141.78
409.83,134.78
409.97,130.78
410.11,132.78
410.25,133.78
410.39,125.78
410.53,121.79
410.66,133.79
410.80,137.79
410.94,125.79
411.08,132.79
411.22,133.79
411.36,121.79
411.50,121.79
411.64,125.80
411.77,120.80
411.91,128.80
412.05,131.80
412.19,119.80
412.33,122.80
412.47,114.80
412.61,121.80
412.75,121.81
412.89,118.81
413.02,128.81
413.16,127.81
413.30,113.81
413.44,107.81
413.58,101.81
413.72,104.81
413.86,114.82
414.00,116.82
414.14,110.82
414.28,110.82
414.41,119.82
414.55,115.82
414.69,108.82
414.83,97.82
414.97,97.83
415.11,106.83
415.25,107.83
415.39,102.83
415.53,112.83
415.67,113.83
415.80,101.83
415.94,95.83
416.08,103.84
416.22,99.84
416.36,102.84
416.50,97.84
416.64,86.84
416.78,93.84
416.92,100.84
417.06,95.84
417.20,106.85
417.33,102.85
417.47,100.85
417.61,106.85
417.75,105.85
417.89,91.85
418.03,92.85
418.17,90.85
418.31,93.86
418.45,97.86
418.59,94.86
418.73,97.86
418.87,94.86
419.00,92.86
419.14,91.86
419.28,83.86
419.42,91.87
419.56,88.87
419.70,82.87
419.84,78.87
419.98,87.87
420.12,91.87
420.26,85.87
420.40,80.87
420.54,84.87
420.68,93.88
420.82,96.88
420.95,88.88
421.09,91.88
421.23,82.88
421.37,73.88
421.51,85.88
421.65,93.88
421.79,81.88
421.93,79.89
422.07,78.89
422.21,75.89
422.35,77.89
422.49,86.89
422.63,84.89
422.77,93.89
422.91,78.89
423.05,77.90
423.18,80.90
423.32,77.90
423.46,76.90
423.60,71.90
423.74,76.90
423.88,94.90
424.02,90.90
424.16,82.90
424.30,86.91
424.44,85.91
424.58,67.91
424.72,70.91
424.86,75.91
425.00,81.91
425.14,72.91
425.28,73.91
425.42,79.91
425.56,83.92
425.70,77.92
425.84,71.92
425.98,78.92
426.11,78.92
426.25,71.92
426.39,74.92
426.53,79.92
426.67,72.92
426.81,77.93
426.95,79.93
427.09,71.93
427.23,67.93
427.37,65.93
427.51,74.93
427.65,66.93
427.79,64.93
427.93,69.93
428.07,67.94
428.21,66.94
428.35,66.94
428.49,69.94
428.63,73.94
428.77,68.94
428.91,68.94
429.05,72.94
429.19,72.94
429.33,63.94
429.47,58.95
429.61,75.95
429.75,82.95
429.89,71.95
430.03,64.95
430.17,56.95
430.31,71.95
430.45,65.95
430.59,56.95
430.73,58.96
430.86,71.96
431.00,67.96
431.14,58.96
431.28,78.96
431.42,73.96
431.56,62.96
431.70,72.96
431.84,68.96
431.98,65.96
432.12,57.97
432.26,64.97
432.40,70.97
432.54,71.97
432.68,65.97
432.82,79.97
432.96,65.97
433.10,48.97
433.24,58.97
433.38,65.98
433.52,59.98
433.66,52.98
433.80,45.98
433.94,55.98
434.08,73.98
434.22,70.98
434.36,59.98
434.50,53.98
434.64,49.98
434.78,60.99
434.92,56.99
435.06,53.99
435.20,45.99
435.34,52.99
435.48,56.99
435.62,46.99
435.76,48.99
435.90,55.99
436.04,52.99
436.18,62.00
436.32,64.00
436.46,60.00
436.60,61.00
436.74,61.00
436.88,57.00
437.02,52.00
437.16,57.00
437.30,55.00
437.45,46.00
437.59,52.00
437.73,48.01
437.87,41.01
438.01,52.01
438.15,56.01
438.29,47.01
438.43,52.01
438.57,61.01
438.71,46.01
438.85,43.01
438.99,52.01
439.13,55.02
439.27,57.02
439.41,47.02
439.55,51.02
439.69,49.02
439.83,50.02
439.97,41.02
440.11,47.02
440.25,49.02
440.39,50.02
440.53,58.03
440.67,54.03
440.81,43.03
440.95,49.03
441.09,54.03
441.23,43.03
441.37,38.03
441.51,46.03
441.65,44.03
441.79,49.03
441.93,45.03
442.07,44.04
442.22,49.04
442.36,52.04
442.50,52.04
442.64,43.04
442.78,48.04
442.92,50.04
443.06,39.04
443.20,42.04
443.34,47.04
443.48,47.04
443.62,48.05
443.76,47.05
443.90,39.05
444.04,49.05
444.18,50.05
444.32,47.05
444.46,56.05
444.60,53.05
444.74,39.05
444.88,53.05
445.02,57.05
445.17,51.06
445.31,46.06
445.45,51.06
445.59,49.06
445.73,48.06
445.87,50.06
446.01,49.06
446.15,44.06
446.29,46.06
446.43,40.06
446.57,54.06
446.71,52.07
446.85,50.07
446.99,52.07
447.13,48.07
447.27,48.07
447.42,54.07
447.56,52.07
447.70,46.07
447.84,45.07
447.98,44.07
448.12,46.07
448.26,49.08
448.40,47.08
448.54,38.08
448.68,35.08
448.82,39.08
448.96,40.08
449.10,39.08
449.24,42.08
449.39,35.08
449.53,40.08
449.67,46.08
449.81,47.08
449.95,42.09
450.09,41.09
450.23,38.09
450.37,37.09
450.51,50.09
450.65,57.09
450.79,50.09
450.93,46.09
451.08,50.09
451.22,37.09
451.36,37.09
451.50,44.10
451.64,41.10
451.78,36.10
451.92,49.10
452.06,49.10
452.20,34.10
452.34,35.10
452.48,44.10
452.63,39.10
452.77,45.10
452.91,48.10
453.05,44.10
453.19,42.11
453.33,47.11
453.47,43.11
453.61,39.11
453.75,33.11
453.89,25.11
454.04,39.11
454.18,52.11
454.32,31.11
454.46,30.11
454.60,43.11
454.74,46.11
454.88,39.12
455.02,32.12
455.16,33.12
455.30,44.12
455.45,35.12
455.59,38.12
455.73,37.12
455.87,40.12
456.01,37.12
456.15,32.12
456.29,32.12
456.43,38.12
456.57,33.12
456.72,22.13
456.86,32.13
457.00,36.13
457.14,33.13
457.28,38.13
457.42,32.13
457.56,36.13
457.70,37.13
457.85,40.13
457.99,42.13
458.13,42.13
458.27,32.13
458.41,36.14
458.55,31.14
458.69,38.14
458.83,50.14
458.98,49.14
459.12,47.14
459.26,37.14
459.40,36.14
459.54,40.14
459.68,28.14
459.82,30.14
459.96,40.14
460.11,40.14
460.25,41.15
460.39,43.15
460.53,41.15
460.67,37.15
460.81,37.15
460.95,46.15
461.09,31.15
461.24,30.15
461.38,32.15
461.52,36.15
461.66,35.15
461.80,31.15
461.94,31.15
462.08,38.16
462.23,43.16
462.37,35.16
462.51,28.16
462.65,28.16
462.79,35.16
462.93,41.16
463.07,36.16
463.22,41.16
463.36,48.16
463.50,41.16
463.64,39.16
463.78,41.16
463.92,29.17
464.07,29.17
464.21,51.17
464.35,52.17
464.49,40.17
464.63,42.17
464.77,38.17
464.91,34.17
465.06,35.17
465.20,42.17
465.34,39.17
465.48,38.17
465.62,36.17
465.76,40.18
465.91,33.18
466.05,26.18
466.19,37.18
466.33,38.18
466.47,35.18
466.61,50.18
466.76,44.18
466.90,35.18
467.04,37.18
467.18,35.18
467.32,29.18
467.46,40.18
467.61,37.18
467.75,35.19
467.89,29.19
468.03,30.19
468.17,32.19
468.31,38.19
468.46,42.19
468.60,42.19
468.74,35.19
468.88,38.19
469.02,44.19
469.16,45.19
469.31,47.19
469.45,40.19
469.59,29.19
469.73,46.20
469.87,50.20
470.02,39.20
470.16,28.20
470.30,41.20
470.44,34.20
470.58,25.20
470.72,28.20
470.87,26.20
471.01,27.20
471.15,39.20
471.29,36.20
471.43,25.20
471.58,34.20
471.72,44.21
471.86,32.21
472.00,37.21
472.14,41.21
472.29,36.21
472.43,31.21
472.57,36.21
472.71,32.21
472.85,46.21
473.00,46.21
473.14,37.21
473.28,39.21
473.42,42.21
473.56,33.21
473.71,34.22
473.85,43.22
473.99,40.22
474.13,32.22
474.27,30.22
474.42,37.22
474.56,42.22
474.70,36.22
474.84,35.22
474.98,29.22
475.13,35.22
475.27,40.22
475.41,36.22
475.55,32.22
475.69,33.22
475.84,43.23
475.98,42.23
476.12,27.23
476.26,30.23
476.40,40.23
476.55,45.23
476.69,42.23
476.83,31.23
476.97,34.23
477.12,42.23
477.26,41.23
477.40,35.23
477.54,29.23
477.68,32.23
477.83,33.23
477.97,39.24
478.11,28.24
478.25,28.24
478.40,38.24
478.54,35.24
478.68,31.24
478.82,32.24
478.96,31.24
479.11,31.24
479.25,28.24
479.39,27.24
479.53,27.24
479.68,45.24
479.82,42.24
479.96,34.24
480.10,34.25
480.25,24.25
480.39,26.25
480.53,38.25
480.67,23.25
480.81,20.25
480.96,30.25
481.10,29.25
481.24,29.25
481.38,32.25
481.53,22.25
481.67,23.25
481.81,31.25
481.95,26.25
482.10,21.25
482.24,33.25
482.38,26.26
482.52,26.26
482.67,32.26
482.81,31.26
482.95,40.26
483.09,41.26
483.24,34.26
483.38,30.26
483.52,29.26
483.66,24.26
483.81,29.26
483.95,44.26
484.09,38.26
484.23,31.26
484.38,39.26
484.52,39.26
484.66,33.27
484.80,27.27
484.95,22.27
485.09,23.27
485.23,27.27
485.37,32.27
485.52,23.27
485.66,22.27
485.80,23.27
485.94,25.27
486.09,26.27
486.23,24.27
486.37,25.27
486.52,27.27
486.66,35.27
486.80,34.27
486.94,28.28
487.09,34.28
487.23,39.28
487.37,26.28
487.51,22.28
487.66,26.28
487.80,30.28
487.94,37.28
488.08,27.28
488.23,31.28
488.37,28.28
488.51,35.28
488.66,37.28
488.80,29.28
488.94,32.28
489.08,31.28
489.23,25.29
489.37,35.29
489.51,35.29
489.66,29.29
489.80,31.29
489.94,36.29
490.08,40.29
490.23,43.29
490.37,30.29
490.51,24.29
490.66,35.29
490.80,36.29
490.94,34.29
491.08,33.29
491.23,34.29
491.37,41.29
491.51,31.29
491.66,25.30
491.80,27.30
491.94,27.30
492.08,22.30
492.23,37.30
492.37,44.30
492.51,39.30
492.66,38.30
492.80,37.30
492.94,24.30
493.08,34.30
493.23,38.30
493.37,35.30
493.51,33.30
493.66,36.30
493.80,27.30
493.94,30.30
494.09,38.31
494.23,37.31
494.37,34.31
494.51,31.31
494.66,26.31
494.80,31.31
494.94,24.31
495.09,24.31
495.23,24.31
495.37,30.31
495.52,34.31
495.66,31.31
495.80,24.31
495.95,37.31
496.09,36.31
496.23,25.31
496.38,23.31
496.52,30.31
496.66,35.32
496.80,38.32
496.95,37.32
497.09,37.32
497.23,22.32
497.38,24.32
497.52,28.32
497.66,21.32
497.81,32.32
497.95,37.32
498.09,28.32
498.24,30.32
498.38,38.32
498.52,36.32
498.67,29.32
498.81,32.32
498.95,38.32
499.10,44.32
499.24,28.33
499.38,19.33
499.53,20.33
499.67,32.33
499.81,39.33
499.96,35.33
500.10,24.33
500.24,26.33
500.39,30.33
500.53,30.33
500.67,32.33
500.82,37.33
500.96,29.33
501.10,27.33
501.25,26.33
501.39,29.33
501.53,21.33
501.68,27.33
501.82,31.34
501.96,42.34
502.11,36.34
502.25,34.34
502.39,38.34
502.54,39.34
502.68,41.34
502.82,35.34
502.97,29.34
503.11,30.34
503.25,29.34
503.40,27.34
503.54,25.34
503.69,27.34
503.83,31.34
503.97,44.34
504.12,43.34
504.26,28.34
504.40,27.34
504.55,35.35
504.69,28.35
504.83,27.35
504.98,33.35
505.12,35.35
505.26,29.35
505.41,28.35
505.55,26.35
505.69,31.35
505.84,28.35
505.98,37.35
506.13,44.35
506.27,47.35
506.41,35.35
506.56,39.35
506.70,33.35
506.84,23.35
506.99,23.35
507.13,27.35
507.28,26.36
507.42,29.36
507.56,36.36
507.71,36.36
507.85,22.36
507.99,28.36
508.14,28.36
508.28,31.36
508.42,36.36
508.57,34.36
508.71,36.36
508.86,37.36
509.00,28.36
509.14,22.36
509.29,28.36
509.43,29.36
509.57,31.36
509.72,34.36
509.86,33.36
510.01,37.36
510.15,32.37
510.29,29.37
510.44,28.37
510.58,31.37
510.73,28.37
510.87,32.37
511.01,39.37
511.16,33.37
511.30,39.37
511.45,40.37
511.59,33.37
511.73,23.37
511.88,23.37
512.02,25.37
512.16,31.37
512.31,32.37
512.45,33.37
512.60,26.37
512.74,30.37
512.88,36.37
513.03,26.38
513.17,27.38
513.32,22.38
513.46,17.38
513.60,24.38
513.75,28.38
513.89,35.38
514.04,42.38
514.18,38.38
514.32,38.38
514.47,33.38
514.61,32.38
514.76,24.38
514.90,20.38
515.04,28.38
515.19,24.38
515.33,32.38
515.48,32.38
515.62,24.38
515.77,35.38
515.91,41.38
516.05,39.39
516.20,36.39
516.34,32.39
516.49,36.39
516.63,33.39
516.77,25.39
516.92,22.39
517.06,31.39
517.21,41.39
517.35,35.39
517.50,34.39
517.64,27.39
517.78,32.39
517.93,39.39
518.07,47.39
518.22,32.39
518.36,24.39
518.50,30.39
518.65,32.39
518.79,34.39
518.94,34.39
519.08,28.40
519.23,26.40
519.37,26.40
519.51,30.40
519.66,28.40
519.80,34.40
519.95,31.40
520.09,29.40
520.24,33.40
520.38,35.40
520.52,33.40
520.67,34.40
520.81,29.40
520.96,33.40
521.10,40.40
521.25,45.40
521.39,31.40
521.54,33.40
521.68,45.40
521.82,37.40
521.97,32.40
522.11,35.41
522.26,29.41
522.40,31.41
522.55,29.41
522.69,32.41
522.84,26.41
522.98,35.41
523.12,28.41
523.27,25.41
523.41,23.41
523.56,31.41
523.70,26.41
523.85,20.41
523.99,21.41
524.14,29.41
524.28,21.41
524.42,22.41
524.57,23.41
524.71,22.41
524.86,21.41
525.00,28.41
525.15,28.41
525.29,40.41
525.44,42.42
525.58,36.42
525.73,33.42
525.87,29.42
526.02,36.42
526.16,47.42
526.30,39.42
526.45,31.42
526.59,26.42
526.74,35.42
526.88,29.42
527.03,28.42
527.17,33.42
527.32,31.42
527.46,30.42
527.61,35.42
527.75,26.42
527.90,29.42
528.04,26.42
528.19,29.42
528.33,25.42
528.47,27.42
528.62,26.43
528.76,24.43
528.91,26.43
529.05,34.43
529.20,27.43
529.34,31.43
529.49,34.43
529.63,42.43
529.78,42.43
529.92,32.43
530.07,23.43
530.21,30.43
530.36,27.43
530.50,17.43
530.65,21.43
530.79,39.43
530.94,35.43
531.08,35.43
531.23,36.43
531.37,30.43
531.52,27.43
531.66,38.43
531.81,27.43
531.95,26.43
532.10,33.44
532.24,31.44
532.39,22.44
532.53,20.44
532.68,30.44
532.82,32.44
532.97,24.44
533.11,28.44
533.26,26.44
533.40,24.44
533.55,26.44
533.69,38.44
533.84,31.44
533.98,37.44
534.13,37.44
534.27,30.44
534.42,37.44
534.56,41.44
534.71,27.44
534.85,32.44
535.00,31.44
535.14,27.44
535.29,22.44
535.43,30.44
535.58,29.45
535.72,22.45
535.87,27.45
536.01,29.45
536.16,28.45
536.30,33.45
536.45,25.45
536.59,16.45
536.74,23.45
536.88,28.45
537.03,21.45
537.17,15.45
537.32,16.45
537.46,25.45
537.61,24.45
537.75,36.45
537.90,37.45
538.04,36.45
538.19,31.45
538.33,35.45
538.48,34.45
538.62,32.45
538.77,29.45
538.91,20.45
539.06,19.46
539.21,18.46
539.35,16.46
539.50,22.46
539.64,26.46
539.79,42.46
539.93,38.46
540.08,29.46
540.22,24.46
540.37,20.46
540.51,23.46
540.66,31.46
540.80,25.46
540.95,30.46
541.09,37.46
541.24,42.46
541.39,38.46
541.53,27.46
541.68,23.46
541.82,26.46
541.97,28.46
542.11,30.46
542.26,27.46
542.40,33.46
542.55,40.46
542.69,33.46
542.84,33.47
542.98,23.47
543.13,29.47
543.28,35.47
543.42,37.47
543.57,32.47
543.71,28.47
543.86,43.47
544.00,43.47
544.15,39.47
544.29,26.47
544.44,17.47
544.59,27.47
544.73,33.47
544.88,24.47
545.02,35.47
545.17,43.47
545.31,30.47
545.46,22.47
545.60,31.47
545.75,28.47
545.90,16.47
546.04,27.47
546.19,36.47
546.33,25.47
546.48,29.47
546.62,31.48
546.77,29.48
546.91,33.48
547.06,40.48
547.21,29.48
547.35,19.48
547.50,28.48
547.64,35.48
547.79,31.48
547.93,37.48
548.08,37.48
548.23,36.48
548.37,41.48
548.52,39.48
548.66,27.48
548.81,36.48
548.95,35.48
549.10,24.48
549.25,14.48
549.39,29.48
549.54,26.48
549.68,29.48
549.83,30.48
549.97,30.48
550.12,32.48
550.27,30.48
550.41,26.49
550.56,33.49
550.70,18.49
550.85,20.49
551.00,29.49
551.14,36.49
551.29,29.49
551.43,30.49
551.58,35.49
551.72,31.49
551.87,29.49
552.02,31.49
552.16,24.49
552.31,27.49
552.45,25.49
552.60,31.49
552.75,25.49
552.89,27.49
553.04,31.49
553.18,27.49
553.33,25.49
553.48,26.49
553.62,33.49
553.77,29.49
553.91,29.49
554.06,35.49
554.21,20.49
554.35,28.49
554.50,27.50
554.64,31.50
554.79,35.50
554.94,32.50
555.08,22.50
555.23,22.50
555.37,35.50
555.52,31.50
555.67,26.50
555.81,25.50
555.96,11.50
556.10,14.50
556.25,20.50
556.40,21.50
556.54,19.50
556.69,33.50
556.84,34.50
556.98,32.50
557.13,41.50
557.27,37.50
557.42,22.50
557.57,28.50
557.71,33.50
557.86,31.50
558.00,32.50
558.15,43.50
558.30,36.50
558.44,23.50
558.59,27.51
558.74,30.51
558.88,23.51
559.03,24.51
559.17,32.51
559.32,31.51
559.47,30.51
559.61,35.51
559.76,25.51
559.91,22.51
560.05,39.51
560.20,38.51
560.34,23.51
560.49,33.51
560.64,32.51
560.78,31.51
560.93,39.51
561.08,34.51
561.22,21.51
561.37,22.51
561.52,35.51
561.66,34.51
561.81,17.51
561.95,19.51
562.10,22.51
562.25,33.51
562.39,34.51
562.54,20.51
562.69,23.51
562.83,37.52
562.98,28.52
563.13,19.52
563.27,30.52
563.42,41.52
563.57,39.52
563.71,30.52
563.86,34.52
564.00,29.52
564.15,23.52
564.30,26.52
564.44,27.52
564.59,34.52
564.74,37.52
564.88,38.52
565.03,33.52
565.18,26.52
565.32,22.52
565.47,18.52
565.62,23.52
565.76,35.52
565.91,41.52
566.06,34.52
566.20,33.52
566.35,36.52
566.50,35.52
566.64,35.52
566.79,32.52
566.94,30.52
567.08,33.52
567.23,42.52
567.38,31.53
567.52,28.53
567.67,29.53
567.82,32.53
567.96,29.53
568.11,23.53
568.26,34.53
568.40,45.53
568.55,48.53
568.70,37.53
568.84,23.53
568.99,25.53
569.14,31.53
569.28,29.53
569.43,31.53
569.58,31.53
569.72,34.53
569.87,34.53
570.02,35.53
570.16,34.53
570.31,25.53
570.46,24.53
570.60,33.53
570.75,30.53
570.90,18.53
571.04,18.53
571.19,25.53
571.34,30.53
571.48,26.53
571.63,16.53
571.78,17.53
571.93,21.54
572.07,27.54
572.22,20.54
572.37,16.54
572.51,31.54
572.66,39.54
572.81,32.54
572.95,27.54
573.10,23.54
573.25,21.54
573.39,31.54
573.54,34.54
573.69,38.54
573.84,29.54
573.98,25.54
574.13,33.54
574.28,36.54
574.42,31.54
574.57,30.54
574.72,35.54
574.86,33.54
575.01,23.54
575.16,17.54
575.31,25.54
575.45,40.54
575.60,34.54
575.75,30.54
575.89,26.54
576.04,29.54
576.19,20.54
576.33,26.54
576.48,33.54
576.63,34.55
576.78,25.55
576.92,30.55
577.07,25.55
577.22,22.55
577.36,29.55
577.51,37.55
577.66,34.55
577.81,36.55
577.95,28.55
578.10,27.55
578.25,31.55
578.39,38.55
578.54,32.55
578.69,34.55
578.84,32.55
578.98,36.55
579.13,37.55
579.28,30.55
579.42,27.55
579.57,34.55
579.72,29.55
579.87,29.55
580.01,31.55
580.16,26.55
580.31,27.55
580.46,27.55
580.60,19.55
580.75,23.55
580.90,23.55
581.04,15.55
581.19,18.55
581.34,30.55
581.49,30.56
581.63,36.56
581.78,33.56
581.93,29.56
582.08,18.56
582.22,30.56
582.37,33.56
582.52,32.56
582.67,26.56
582.81,30.56
582.96,31.56
583.11,28.56
583.26,22.56
583.40,24.56
583.55,20.56
583.70,25.56
583.85,22.56
583.99,25.56
584.14,31.56
584.29,30.56
584.44,23.56
584.58,31.56
584.73,32.56
584.88,34.56
585.03,33.56
585.17,44.56
585.32,43.56
585.47,39.56
585.62,35.56
585.76,35.56
585.91,26.56
586.06,18.56
586.21,25.56
586.35,25.56
586.50,21.57
586.65,31.57
586.80,31.57
586.94,25.57
587.09,13.57
587.24,15.57
587.39,19.57
587.53,36.57
587.68,35.57
587.83,20.57
587.98,17.57
588.12,26.57
588.27,21.57
588.42,24.57
588.57,27.57
588.72,31.57
588.86,31.57
589.01,39.57
589.16,40.57
589.31,26.57
589.45,20.57
589.60,22.57
589.75,25.57
589.90,36.57
590.04,31.57
590.19,31.57
590.34,38.57
590.49,36.57
590.64,27.57
590.78,25.57
590.93,32.57
591.08,38.57
591.23,25.57
591.37,29.57
591.52,31.57
591.67,30.57
591.82,30.58
591.97,30.58
592.11,32.58
592.26,37.58
592.41,20.58
592.56,28.58
592.71,29.58
592.85,29.58
593.00,31.58
593.15,30.58
593.30,34.58
593.44,31.58
593.59,33.58
593.74,31.58
593.89,20.58
594.04,26.58
594.18,33.58
594.33,24.58
594.48,19.58
594.63,26.58
594.78,32.58
594.92,39.58
595.07,31.58
595.22,18.58
595.37,37.58
595.52,35.58
595.66,23.58
595.81,21.58
595.96,27.58
596.11,23.58
596.26,20.58
596.40,21.58
596.55,24.58
596.70,32.58
596.85,25.58
597.00,29.58
597.14,29.59
597.29,31.59
597.44,34.59
597.59,33.59
597.74,25.59
597.89,25.59
598.03,34.59
598.18,28.59
598.33,29.59
598.48,38.59
598.63,38.59
598.77,32.59
598.92,17.59
599.07,24.59
599.22,32.59
599.37,33.59
599.52,27.59
599.66,18.59
599.81,18.59
599.96,21.59
600.11,24.59
600.26,26.59
600.40,28.59
600.55,28.59
600.70,27.59
600.85,34.59
601.00,31.59
601.15,21.59
601.29,14.59
601.44,23.59
601.59,35.59
601.74,36.59
601.89,31.59
602.04,29.59
602.18,24.59
602.33,26.59
602.48,21.59
602.63,25.59
602.78,27.59
602.93,17.60
603.07,17.60
603.22,22.60
603.37,32.60
603.52,42.60
603.67,35.60
603.82,39.60
603.96,23.60
604.11,26.60
604.26,36.60
604.41,42.60
604.56,30.60
604.71,27.60
604.86,28.60
605.00,27.60
605.15,26.60
605.30,29.60
605.45,25.60
605.60,32.60
605.75,19.60
605.89,20.60
606.04,33.60
606.19,39.60
606.34,29.60
606.49,22.60
606.64,23.60
606.79,31.60
606.93,30.60
607.08,32.60
607.23,30.60
607.38,25.60
607.53,22.60
607.68,27.60
607.83,29.60
607.97,31.60
608.12,35.60
608.27,26.60
608.42,23.60
608.57,33.60
608.72,32.61
608.87,34.61
609.02,35.61
609.16,38.61
609.31,28.61
609.46,25.61
609.61,18.61
609.76,18.61
609.91,18.61
610.06,22.61
610.20,30.61
610.35,31.61
610.50,30.61
610.65,40.61
610.80,41.61
610.95,30.61
611.10,28.61
611.25,32.61
611.39,24.61
611.54,30.61
611.69,33.61
611.84,31.61
611.99,29.61
612.14,32.61
612.29,35.61
612.44,37.61
612.59,39.61
612.73,32.61
612.88,23.61
613.03,34.61
613.18,38.61
613.33,36.61
613.48,30.61
613.63,26.61
613.78,27.61
613.93,32.61
614.07,36.61
614.22,29.61
614.37,28.61
614.52,33.61
614.67,31.61
614.82,26.62
614.97,17.62
615.12,26.62
615.27,28.62
615.41,22.62
615.56,23.62
615.71,32.62
615.86,26.62
616.01,20.62
616.16,24.62
616.31,23.62
616.46,30.62
616.61,32.62
616.76,27.62
616.90,28.62
617.05,35.62
617.20,37.62
617.35,23.62
617.50,20.62
617.65,20.62
617.80,18.62
617.95,19.62
618.10,32.62
618.25,19.62
618.40,23.62
618.54,31.62
618.69,20.62
618.84,26.62
618.99,43.62
619.14,34.62
619.29,24.62
619.44,28.62
619.59,33.62
619.74,32.62
619.89,31.62
620.04,30.62
620.19,18.62
620.33,22.62
620.48,32.62
620.63,34.62
620.78,34.62
620.93,31.62
621.08,25.62
621.23,33.63
621.38,45.63
621.53,38.63
621.68,20.63
621.83,29.63
621.98,29.63
622.13,21.63
622.27,28.63
622.42,30.63
622.57,28.63
622.72,34.63
622.87,36.63
623.02,39.63
623.17,29.63
623.32,23.63
623.47,27.63
623.62,29.63
623.77,24.63
623.92,37.63
624.07,33.63
624.22,30.63
624.37,40.63
624.52,40.63
624.66,32.63
624.81,28.63
624.96,30.63
625.11,36.63
625.26,40.63
625.41,28.63
625.56,28.63
625.71,30.63
625.86,31.63
626.01,23.63
626.16,22.63
626.31,28.63
626.46,24.63
626.61,17.63
626.76,21.63
626.91,34.63
627.06,44.63
627.21,39.63
627.36,27.63
627.50,21.63
627.65,25.63
627.80,25.64
627.95,25.64
628.10,31.64
628.25,34.64
628.40,34.64
628.55,31.64
628.70,36.64
628.85,39.64
629.00,17.64
629.15,27.64
629.30,28.64
629.45,31.64
629.60,34.64
629.75,30.64
629.90,25.64
630.05,31.64
630.20,39.64
630.35,35.64
630.50,67.64
630.65,66.64
630.80,33.64
630.95,23.64
631.10,12.64
631.25,22.64
631.40,25.64
631.55,31.64
631.70,16.64
631.85,20.64
631.99,25.64
632.14,25.64
632.29,27.64
632.44,23.64
632.59,19.64
632.74,22.64
632.89,31.64
633.04,37.64
633.19,22.64
633.34,25.64
633.49,25.64
633.64,28.64
633.79,24.64
633.94,26.64
634.09,23.64
634.24,29.64
634.39,32.64
634.54,30.64
634.69,32.65
634.84,35.65
634.99,28.65
635.14,27.65
635.29,20.65
635.44,26.65
635.59,21.65
635.74,29.65
635.89,32.65
636.04,31.65
636.19,20.65
636.34,21.65
636.49,23.65
636.64,21.65
636.79,22.65
636.94,30.65
637.09,24.65
637.24,21.65
637.39,25.65
637.54,30.65
637.69,26.65
637.84,31.65
637.99,23.65
638.14,19.65
638.29,26.65
638.44,35.65
638.59,34.65
638.74,40.65
638.89,27.65
639.04,22.65
639.19,30.65
639.34,24.65
639.49,27.65
639.64,40.65
639.79,28.65
639.94,17.65
640.09,26.65
640.24,30.65
640.39,28.65
640.54,30.65
640.69,33.65
640.84,34.65
640.99,35.65
641.14,35.65
641.29,23.65
641.44,30.65
641.59,36.65
641.74,30.65
641.90,29.66
642.05,27.66
642.20,21.66
642.35,21.66
642.50,29.66
642.65,38.66
642.80,33.66
642.95,28.66
643.10,17.66
643.25,18.66
643.40,25.66
643.55,36.66
643.70,34.66
643.85,20.66
644.00,17.66
644.15,26.66
644.30,27.66
644.45,22.66
644.60,29.66
644.75,32.66
644.90,28.66
645.05,32.66
645.20,29.66
645.35,21.66
645.50,16.66
645.65,18.66
645.80,29.66
645.95,30.66
646.10,30.66
646.26,38.66
646.41,36.66
646.56,31.66
646.71,26.66
646.86,23.66
647.01,21.66
647.16,22.66
647.31,31.66
647.46,37.66
647.61,27.66
647.76,32.66
647.91,30.66
648.06,22.66
648.21,27.66
648.36,30.66
648.51,26.66
648.66,25.66
648.81,19.66
648.96,23.66
649.11,35.66
649.27,37.66
649.42,32.66
649.57,27.67
649.72,24.67
649.87,27.67
650.02,24.67
650.17,24.67
650.32,37.67
650.47,35.67
650.62,32.67
650.77,34.67
650.92,33.67
651.07,40.67
651.22,30.67
651.37,23.67
651.53,28.67
651.68,25.67
651.83,26.67
651.98,23.67
652.13,29.67
652.28,32.67
652.43,26.67
652.58,23.67
652.73,32.67
652.88,29.67
653.03,33.67
653.18,30.67
653.33,23.67
653.48,29.67
653.64,24.67
653.79,28.67
653.94,27.67
654.09,31.67
654.24,27.67
654.39,31.67
654.54,33.67
654.69,28.67
654.84,26.67
654.99,30.67
655.14,26.67
655.29,25.67
655.45,29.67
655.60,24.67
655.75,25.67
655.90,27.67
656.05,19.67
656.20,19.67
656.35,19.67
656.50,27.67
656.65,32.67
656.80,34.67
656.95,24.67
657.11,26.67
657.26,22.67
657.41,24.68
657.56,27.68
657.71,33.68
657.86,27.68
658.01,38.68
658.16,35.68
658.31,21.68
658.46,23.68
658.62,41.68
658.77,31.68
658.92,22.68
659.07,22.68
659.22,37.68
659.37,35.68
659.52,27.68
659.67,22.68
659.82,29.68
659.98,27.68
660.13,31.68
660.28,26.68
660.43,31.68
660.58,36.68
660.73,28.68
660.88,26.68
661.03,24.68
661.18,28.68
661.34,32.68
661.49,36.68
661.64,34.68
661.79,21.68
661.94,30.68
662.09,35.68
662.24,40.68
662.39,29.68
662.55,30.68
662.70,32.68
662.85,32.68
663.00,26.68
663.15,27.68
663.30,22.68
663.45,27.68
663.60,28.68
663.76,25.68
663.91,23.68
664.06,31.68
664.21,34.68
664.36,30.68
664.51,22.68
664.66,27.68
664.81,28.68
664.97,35.68
665.12,31.68
665.27,29.68
665.42,21.68
665.57,29.68
665.72,64.69
665.87,55.69
666.03,28.69
666.18,29.69
666.33,27.69
666.48,32.69
666.63,32.69
666.78,23.69
666.93,26.69
667.08,27.69
667.24,19.69
667.39,29.69
667.54,33.69
667.69,28.69
667.84,25.69
667.99,29.69
668.15,32.69
668.30,36.69
668.45,24.69
668.60,27.69
668.75,34.69
668.90,33.69
669.05,27.69
669.21,21.69
669.36,26.69
669.51,30.69
669.66,18.69
669.81,15.69
669.96,24.69
670.12,20.69
670.27,19.69
670.42,29.69
670.57,31.69
670.72,32.69
670.87,23.69
671.02,30.69
671.18,31.69
671.33,38.69
671.48,32.69
671.63,24.69
671.78,21.69
671.93,26.69
672.09,29.69
672.24,21.69
672.39,26.69
672.54,31.69
672.69,30.69
672.84,28.69
673.00,31.69
673.15,30.69
673.30,25.69
673.45,27.69
673.60,29.69
673.75,35.69
673.91,29.69
674.06,30.69
674.21,24.69
674.36,25.69
674.51,23.70
674.67,33.70
674.82,27.70
674.97,26.70
675.12,24.70
675.27,12.70
675.42,25.70
675.58,34.70
675.73,28.70
675.88,23.70
676.03,26.70
676.18,25.70
676.34,28.70
676.49,30.70
676.64,21.70
676.79,22.70
676.94,32.70
677.10,34.70
677.25,20.70
677.40,22.70
677.55,26.70
677.70,24.70
677.85,26.70
678.01,28.70
678.16,13.70
678.31,24.70
678.46,34.70
678.61,26.70
678.77,16.70
678.92,17.70
679.07,23.70
679.22,22.70
679.37,25.70
679.53,25.70
679.68,23.70
679.83,35.70
679.98,31.70
680.13,31.70
680.29,26.70
680.44,26.70
680.59,21.70
680.74,35.70
680.90,29.70
681.05,32.70
681.20,28.70
681.35,13.70
681.50,24.70
681.66,33.70
681.81,26.70
681.96,29.70
682.11,26.70
682.26,24.70
682.42,28.70
682.57,30.70
682.72,17.70
682.87,23.70
683.02,21.70
683.18,26.70
683.33,28.70
683.48,19.70
683.63,18.70
683.79,19.71
683.94,17.71
684.09,24.71
684.24,25.71
684.39,20.71
684.55,24.71
684.70,28.71
684.85,20.71
685.00,29.71
685.16,29.71
685.31,29.71
685.46,22.71
685.61,26.71
685.77,26.71
685.92,27.71
686.07,33.71
686.22,33.71
686.37,26.71
686.53,21.71
686.68,25.71
686.83,29.71
686.98,26.71
687.14,26.71
687.29,29.71
687.44,27.71
687.59,18.71
687.75,29.71
687.90,28.71
688.05,28.71
688.20,25.71
688.36,25.71
688.51,24.71
688.66,25.71
688.81,22.71
688.97,19.71
689.12,18.71
689.27,19.71
689.42,21.71
689.58,26.71
689.73,26.71
689.88,19.71
690.03,19.71
690.19,28.71
690.34,24.71
690.49,27.71
690.64,29.71
690.80,23.71
690.95,33.71
691.10,35.71
691.25,25.71
691.41,34.71
691.56,32.71
691.71,33.71
691.86,27.71
692.02,25.71
692.17,29.71
692.32,29.71
692.47,30.71
692.63,34.71
692.78,31.71
692.93,32.71
693.08,36.71
693.24,36.71
693.39,26.71
693.54,34.72
693.70,27.72
693.85,22.72
694.00,25.72
694.15,32.72
694.31,24.72
694.46,20.72
694.61,24.72
694.76,28.72
694.92,26.72
695.07,27.72
695.22,23.72
695.38,18.72
695.53,24.72
695.68,26.72
695.83,24.72
695.99,25.72
696.14,23.72
696.29,27.72
696.44,33.72
696.60,24.72
696.75,21.72
696.90,28.72
697.06,28.72
697.21,39.72
697.36,34.72
697.51,30.72
697.67,32.72
697.82,30.72
697.97,29.72
698.13,34.72
698.28,26.72
698.43,22.72
698.59,18.72
698.74,19.72
698.89,30.72
699.04,19.72
699.20,26.72
699.35,35.72
699.50,22.72
699.66,25.72
699.81,31.72
699.96,28.72
700.11,23.72
700.27,32.72
700.42,24.72
700.57,26.72
700.73,27.72
700.88,19.72
701.03,29.72
701.19,31.72
701.34,23.72
701.49,29.72
701.64,38.72
701.80,36.72
701.95,30.72
702.10,41.72
702.26,38.72
702.41,31.72
702.56,21.72
702.72,19.72
702.87,23.72
703.02,18.72
703.18,18.72
703.33,28.72
703.48,22.72
703.64,25.72
703.79,23.73
703.94,8.73
704.09,8.73
704.25,20.73
704.40,28.73
704.55,28.73
704.71,18.73
704.86,22.73
705.01,21.73
705.17,29.73
705.32,27.73
705.47,24.73
705.63,19.73
705.78,22.73
705.93,21.73
706.09,24.73
706.24,20.73
706.39,27.73
706.55,27.73
706.70,21.73
706.85,24.73
707.01,18.73
707.16,12.73
707.31,18.73
707.47,17.73
707.62,23.73
707.77,25.73
707.93,30.73
708.08,23.73
708.23,24.73
708.39,24.73
708.54,25.73
708.69,27.73
708.85,30.73
709.00,30.73
709.15,26.73
709.31,27.73
709.46,11.73